"Key","Source","Translation",""
"[03E4B10543B1FB2411BFDFA631C9BCA0]::37F2149349C471AA78FBD49E12D8FC48","In Game","У грі",""
"[03E4B10543B1FB2411BFDFA631C9BCA0]::4AFA5E2A455F9EAA9397DCA990076768","In Menu","У меню",""
"[0E164F2B4D817D7E80654E938FEB3F6F]::BBAB1D5D42D388C7D2C0E8815A758F01","A required update is available on the network. To use this feature, please apply the update.","A required update is available on the network. To use this feature, please apply the update.",""
"[0E164F2B4D817D7E80654E938FEB3F6F]::CE5068BD4F9F52FEF6F0B2956FF326DA","All the progress made from the last checkpoint will be lost. Would you like to continue?","Увесь поступ здійснений з останньої точки збереження, буде втрачено. Ви хочете продовжити?",""
"[0E164F2B4D817D7E80654E938FEB3F6F]::881E26034365421649AA8AA852AA5D1E","All unsaved progress will be lost. Would you like to continue?","Незбережений поступ буде втрачено. Ви хочете продовжити?",""
"[0E164F2B4D817D7E80654E938FEB3F6F]::F7299FFE4DEA06FBEDA28D8CF5C41044","Cancel","Скасувати",""
"[0E164F2B4D817D7E80654E938FEB3F6F]::5DDC53D74EBD75A437F4F991090E0627","Checking","Перевірка",""
"[0E164F2B4D817D7E80654E938FEB3F6F]::7D2340E34D8F9E7BFD118780566B0FB1","Checking downloadable content","Перевірка завантаженого вмісту",""
"[0E164F2B4D817D7E80654E938FEB3F6F]::93484B9047040A47F8E6E8938387B86E","Coming Soon.","Скоро буде.",""
"[0E164F2B4D817D7E80654E938FEB3F6F]::C1DE66414A672B8B3121ABB22720F517","Continue","Продовжити",""
"[0E164F2B4D817D7E80654E938FEB3F6F]::B124C39C4FAD2BCC3A92649771284EA1","Controller disconnected. Please reconnect your controller.","Controller disconnected. Please reconnect your controller.",""
"[0E164F2B4D817D7E80654E938FEB3F6F]::AC87B4964C26C71024D7EF9F8C777B2A","Download","Завантажити",""
"[0E164F2B4D817D7E80654E938FEB3F6F]::FF0DF2CC4A44C456D50FCA9A4659085A","Downloading","Завантаження",""
"[0E164F2B4D817D7E80654E938FEB3F6F]::2E1CE6324497EE08AB592AB2C9A4B922","Failed to load downloadable content %s"". Please download the content again","Failed to load downloadable content %s"". Please download the content again",""
"[0E164F2B4D817D7E80654E938FEB3F6F]::B22CFA9346C2661D58134E9E9E8462CF","Game experience is enhanced by playing with a game controller.","Game experience is enhanced by playing with a game controller.",""
"[0E164F2B4D817D7E80654E938FEB3F6F]::86C25D9F4F967DC43849C7BBB19444A2","New downloadable content is available.","Доступний новий завантажувальний зміст.",""
"[0E164F2B4D817D7E80654E938FEB3F6F]::DC1F4E6F420052247D0FE2971CB68841","Options save file was corrupted. Your options settings have been deleted.","Файл збереження опцій пошкоджено. Ваші налаштування було видалено.",""
"[0E164F2B4D817D7E80654E938FEB3F6F]::76FA759743322C2C57BFD884318CB03C","Please install the Episode if you want to resume your current progression.","Please install the Episode if you want to resume your current progression.",""
"[0E164F2B4D817D7E80654E938FEB3F6F]::FDB5D80D49DBD01123BBF890ABE5D3B2","Please wait while the downloadable content is being installed.","Please wait while the downloadable content is being installed.",""
"[0E164F2B4D817D7E80654E938FEB3F6F]::E72A2DD445C7169DD4C2E6AE7420A349","Press Any Button","Натисніть будь-яку кнопку",""
"[0E164F2B4D817D7E80654E938FEB3F6F]::BDFFEF6B4068752A64FFE19FB0B0192D","Reading downloadable content, please wait","Reading downloadable content, please wait",""
"[0E164F2B4D817D7E80654E938FEB3F6F]::45E80E6D4253A1FA9FE9EEA741134989","Back","Назад",""
"[0E164F2B4D817D7E80654E938FEB3F6F]::F9A0942143F6CE5804BB859F94745127","Selected data will be deleted. Would you like to continue?","Selected data will be deleted. Would you like to continue?",""
"[0E164F2B4D817D7E80654E938FEB3F6F]::F312BAC8412841484A68CFBB54F0F352","Sign in","Увійти",""
"[0E164F2B4D817D7E80654E938FEB3F6F]::52FD88054766A90F7EE9D0889841A59E","Steam Store","Магазин Steam",""
"[0E164F2B4D817D7E80654E938FEB3F6F]::9BDE6B854C6C5E0B04B0B08D925026DE","The downloadable content is not installed.<cf>Please install the Episode you wish to play.","Завантажувальний вміст не встановлено.<cf>Будь ласка, встановіть епізод, у який ви хочете грати.",""
"[0E164F2B4D817D7E80654E938FEB3F6F]::EF128E3343F6539A08FEAEA6E50530BD","The following saved data is corrupted.<cf>The following saved data that was backed up by this system will be restored.","The following saved data is corrupted.<cf>The following saved data that was backed up by this system will be restored.",""
"[0E164F2B4D817D7E80654E938FEB3F6F]::31CF216E4AAF71FFCC1F97B1870FBFBB","The save data appears to be damaged and cannot be loaded. Would you like to create new save data?","The save data appears to be damaged and cannot be loaded. Would you like to create new save data?",""
"[0E164F2B4D817D7E80654E938FEB3F6F]::B10F3A634DD77EB310BE2CAFE4C5F0CD","There is not enough free space on the hard disk drive. The progress cannot be saved.","Недостатньо місця на диску. Поступ не зберігається.",""
"[0E164F2B4D817D7E80654E938FEB3F6F]::EE0BADF3401F9ABC0C586FA3E8AD5922","There is not enough free space on the selected storage device.","Недостатньо місця на обраному пристрої.",""
"[0E164F2B4D817D7E80654E938FEB3F6F]::574C03B541D1BA2DC552AD84549E4982","This game uses an auto-save feature. Please do not turn off the game while this symbol is displayed.","Гра може самозберігатися. Будь ласка, не вимикайте гру, коли бачите цей символ.",""
"[0E164F2B4D817D7E80654E938FEB3F6F]::C8B51CAE4D4653631323A583A8F7D51F","This save data does not belong to your profile. You will not be able to unlock achievements. Would you like to continue?","Ці збережені дані не належать до вашого профілю. Ви не зможете розблокувати досягнення. Хочете продовжити?",""
"[0E164F2B4D817D7E80654E938FEB3F6F]::BF4A6E664B442112713E2F8E9A15B568","This save file can only be used with the full version of the game.","Це збереження доступне лише в повній версії гри.",""
"[0E164F2B4D817D7E80654E938FEB3F6F]::028A445A4AD70ED54B495CB18F19EF8F","Unused","Unused",""
"[0E164F2B4D817D7E80654E938FEB3F6F]::118F464D4DD6F899DC2E93985C44807F","Unused","Unused",""
"[0E164F2B4D817D7E80654E938FEB3F6F]::209DBAA1476047AEFA4782BCD8E98FBA","Unused","Unused",""
"[0E164F2B4D817D7E80654E938FEB3F6F]::2676F3214914E7540DF29CAEF5849877","Unused","Unused",""
"[0E164F2B4D817D7E80654E938FEB3F6F]::2BD5EFE64129372461632CBE09EFC3D9","Unused","Unused",""
"[0E164F2B4D817D7E80654E938FEB3F6F]::2E0B57F64FC21841B2EA579E9337B537","Unused","Unused",""
"[0E164F2B4D817D7E80654E938FEB3F6F]::34DA1FDC4DB43B318CEB79BEBC243D78","Unused","Unused",""
"[0E164F2B4D817D7E80654E938FEB3F6F]::51506A8241A45E8E6C0676B317B98904","Unused","Unused",""
"[0E164F2B4D817D7E80654E938FEB3F6F]::58132B204C19D93F460CAA8BB0D2258D","Unused","Unused",""
"[0E164F2B4D817D7E80654E938FEB3F6F]::5B0851DE4F30C0C301BD4284B7DE22FB","Unused","Unused",""
"[0E164F2B4D817D7E80654E938FEB3F6F]::62484F1F45E5040A833D8A972A35B4FB","Unused","Unused",""
"[0E164F2B4D817D7E80654E938FEB3F6F]::66411792453CD5C9C2F70C8FE3BD6C06","Unused","Unused",""
"[0E164F2B4D817D7E80654E938FEB3F6F]::A685667B4A29A8AA16A70699924E7FA8","Unused","Unused",""
"[0E164F2B4D817D7E80654E938FEB3F6F]::A91CC481456B2229CA6D47AE5ECB309C","Unused","Unused",""
"[0E164F2B4D817D7E80654E938FEB3F6F]::B080C64B40E6941FFC6EE5A7976879BC","Unused","Unused",""
"[0E164F2B4D817D7E80654E938FEB3F6F]::8F9827734AABC91A0AF386AA9FDEAEAD","Warning!<cf>Any existing save data present in this slot will be overwritten.<cf>Would you like to continue?","Warning!<cf>Any existing save data present in this slot will be overwritten.<cf>Would you like to continue?",""
"[0E164F2B4D817D7E80654E938FEB3F6F]::7C1BA116495BE192198227BF79EEEA24","Writing to hard drive. Please wait.","Записування на диск. Будь ласка, зачекайте.",""
"[0E164F2B4D817D7E80654E938FEB3F6F]::B4CB63D84D3D6DBAA9000EA8162C129B","You are not signed in to your Steam account.","You are not signed in to your Steam account.",""
"[0E164F2B4D817D7E80654E938FEB3F6F]::0A7206664FFFA1A84F049B9EFB91AD2E","You must sign in to your Steam account.","You must sign in to your Steam account.",""
"[0E164F2B4D817D7E80654E938FEB3F6F]::B99AA43149CEDEC4AB521090862CF0C7","Your connection to Steam has been lost. Please check your network connection and try again. Online features will not be available.","Your connection to Steam has been lost. Please check your network connection and try again. Online features will not be available.",""
"[4E26F2D44BF07C9BF149B1B88AE888FD]::BC1081ED44126060FE958E9BD357BBD4","A taste for blood","Смак крові",""
"[4E26F2D44BF07C9BF149B1B88AE888FD]::866D22564943DDB0EF4F2F892D3697DA","Anarchy in the UK","Анархія в Британії",""
"[4E26F2D44BF07C9BF149B1B88AE888FD]::068FC6894C6511BEFFD922875A65AEC0","At dawn we row","At dawn we row",""
"[4E26F2D44BF07C9BF149B1B88AE888FD]::6AB95D3D4F15C8D171F301A5673C8579","Bloody roots","Криваве коріння",""
"[4E26F2D44BF07C9BF149B1B88AE888FD]::4FBA72FC439E82241A025A9E91ED123D","Bury the hatchet","Bury the hatchet",""
"[4E26F2D44BF07C9BF149B1B88AE888FD]::45E0616649A0697F972EE9B752669170","Find the recollection of Paulus Aurelianus","Find the recollection of Paulus Aurelianus",""
"[4E26F2D44BF07C9BF149B1B88AE888FD]::54E68A2A4FB6FA590FB189A0C7B60DE1","Complete the game","Завершіть гру",""
"[4E26F2D44BF07C9BF149B1B88AE888FD]::421775D94FFC844D8FD0C596092C0A3E","Death on stage","Смерть на сцені",""
"[4E26F2D44BF07C9BF149B1B88AE888FD]::86F776684C7722484A66FD98BDB182A8","Defeat Doris","Здолайте Доріс",""
"[4E26F2D44BF07C9BF149B1B88AE888FD]::E81584BA4999239267EA909821F46D08","Defeat Fergal","Здолайте Ферґала",""
"[4E26F2D44BF07C9BF149B1B88AE888FD]::3C52ADBF447D166E59B7E3852079C1D1","Defeat McCullum","Здолайте Мак-Каллума",""
"[4E26F2D44BF07C9BF149B1B88AE888FD]::467E6CF64B15BD667474A5B2DF288B9A","Defeat Mary","Здолайте Мері",""
"[4E26F2D44BF07C9BF149B1B88AE888FD]::352A7A664AEEC2E7C0D6CD9ECC6D93B6","Defeat the Disaster","Здолайте лихо",""
"[4E26F2D44BF07C9BF149B1B88AE888FD]::A787FEB84B2C866AF6D92FBFAB3B4EDC","Defeat the beast","Здолайте звіра",""
"[4E26F2D44BF07C9BF149B1B88AE888FD]::48DDA0CE4499EB311733FBA8647EC655","Earn all trophies","Зберіть усі трофеї",""
"[4E26F2D44BF07C9BF149B1B88AE888FD]::171D3844441F2D03F6FDE59908C0499E","Eat 10 rats","З'їжте 10 пацюків",""
"[4E26F2D44BF07C9BF149B1B88AE888FD]::60A2750A40BA208F3F5A58AE9B1C603C","Embrace Clay during your first meeting with him ","Embrace Clay during your first meeting with him ",""
"[4E26F2D44BF07C9BF149B1B88AE888FD]::D42D91F749E5CDAE538FED806BB53C6F","Find all off-hand weapons ","Знайдіть усю вторинну зброю ",""
"[4E26F2D44BF07C9BF149B1B88AE888FD]::026CE063482B3C525451DFA2B736330A","Find all melee weapons","Знайдіть усю зброю ближнього бою",""
"[4E26F2D44BF07C9BF149B1B88AE888FD]::582B4D694E60DF18C7A74DA9B20C5F07","Find all ranged weapons","Знайдіть усю вогнепальну зброю",""
"[4E26F2D44BF07C9BF149B1B88AE888FD]::BA447091437AA8B6C9982CBD07A2C4DB","Finish the game without killing any citizens (not unlockable in Story Mode)","Finish the game without killing any citizens (not unlockable in Story Mode)",""
"[4E26F2D44BF07C9BF149B1B88AE888FD]::AA0C59F04C2C9A7F4BCED596F2EEC1AC","From here to eternity","Звідси до вічності",""
"[4E26F2D44BF07C9BF149B1B88AE888FD]::33C1E3EE4D43DF2486FB9DA9CC0375A0","Gather all collectibles","Зберіть усі колекції",""
"[4E26F2D44BF07C9BF149B1B88AE888FD]::1024AB414A5EA18DD2DB0CBE0FFE1B22","Go to the Shelter and rest…","Йдіть в укриття та відпочиньте…",""
"[4E26F2D44BF07C9BF149B1B88AE888FD]::08C96125439013523A82448D9480B349","Hail Mary","Радуйся, Маріє",""
"[4E26F2D44BF07C9BF149B1B88AE888FD]::D2BBF53C4CEC6520169C8FA61B5BF96E","Heal 10 citizens","Вилікуйте 10 містян",""
"[4E26F2D44BF07C9BF149B1B88AE888FD]::547A2AA14DD18C4ADF68E699E2A09C4A","Hippocratic oath","Клятва Гіппократа",""
"[4E26F2D44BF07C9BF149B1B88AE888FD]::726466234B1C8E0728AEDF918B0246BE","Interview with the vampire","Інтерв'ю з вампіром",""
"[4E26F2D44BF07C9BF149B1B88AE888FD]::465E2E82497123FD362602813F39EA82","Just take a bite","Просто вкусіть",""
"[4E26F2D44BF07C9BF149B1B88AE888FD]::81D3D7D14FE0FB8AF6C77B9DF919A3F6","Keep your distance","Keep your distance",""
"[4E26F2D44BF07C9BF149B1B88AE888FD]::6B78DC1347A31DA9FC16BAB58638887B","Let Clay live during your first meeting with him ","Let Clay live during your first meeting with him ",""
"[4E26F2D44BF07C9BF149B1B88AE888FD]::7076252D405BE7A4CEC9D9AF0988CC3C","London's burning","Спалювання Лондона",""
"[4E26F2D44BF07C9BF149B1B88AE888FD]::E6B37278401C75B827DA65AA89B4DFB2","Lore keeper","Хранитель історії",""
"[4E26F2D44BF07C9BF149B1B88AE888FD]::B7337DC147F29F5AAF37B7A75AAF2FE5","Merciful release","Merciful release",""
"[4E26F2D44BF07C9BF149B1B88AE888FD]::DBCD16944395F08171A9DDAFA172773D","Not even once","Не один раз",""
"[4E26F2D44BF07C9BF149B1B88AE888FD]::B6F53B62424B9BDB6770759324578E23","Pest control","Pest control",""
"[4E26F2D44BF07C9BF149B1B88AE888FD]::DFE0C3FC42542530C173319DC2A75AA7","Prepare to die","Приготуйтеся вмерти",""
"[4E26F2D44BF07C9BF149B1B88AE888FD]::F7F69E37498C0B2B756B5281A9A01425","Sacrificial lamb","Жертовне ягня",""
"[4E26F2D44BF07C9BF149B1B88AE888FD]::78CEEA2041E79BFA2DF6519A8A027FE7","Save this poor plant with water","Врятуйте бідолашну квітку водою",""
"[4E26F2D44BF07C9BF149B1B88AE888FD]::773FA88346E19BF7C89784964BAAE591","Solid metal gear","Solid metal gear",""
"[4E26F2D44BF07C9BF149B1B88AE888FD]::8781744C4B10185A9CC96E87542E4905","Take a ride with Doctor Swansea ","Take a ride with Doctor Swansea ",""
"[4E26F2D44BF07C9BF149B1B88AE888FD]::EA7D973A43B3711F1FE0FABB67D9BE98","Take care of Aloysius's fate ","Take care of Aloysius's fate ",""
"[4E26F2D44BF07C9BF149B1B88AE888FD]::7B60C5FE4D39163AE03D0E8720F61F27","Take care of Dorothy's fate","Подбайте про долю Дороті",""
"[4E26F2D44BF07C9BF149B1B88AE888FD]::CE5F5A6A49EA6273844088A5555407DD","Take care of Sean's fate ","Подбайте про долю Шона ",""
"[4E26F2D44BF07C9BF149B1B88AE888FD]::5F53977C496D36ADE64A7BAA4E7E2044","Take care of Swansea's fate ","Подбайте про долю Свонсі ",""
"[4E26F2D44BF07C9BF149B1B88AE888FD]::D070CCE04757E62A59233CA8B45F0A7F","That's better","Так краще",""
"[4E26F2D44BF07C9BF149B1B88AE888FD]::412551E746F49422055D72A18331674F","The dying Swansea","Присмертний Свонсі",""
"[4E26F2D44BF07C9BF149B1B88AE888FD]::5CE566064CDFC030EFF10D905E5A3C5E","The tools of the profession","The tools of the profession",""
"[4E26F2D44BF07C9BF149B1B88AE888FD]::CF36E3694BA297DA524A4582A391B97C","The trophy set of Vampyr","The trophy set of Vampyr",""
"[4E26F2D44BF07C9BF149B1B88AE888FD]::3B5244D84CE43A414675B5848BDD1F52","Time is on my side","Час на моєму бочі",""
"[4E26F2D44BF07C9BF149B1B88AE888FD]::7D849EF8416B3FA46A5351B45CD77795","Turn a district to hostile status ","Turn a district to hostile status ",""
"[4E26F2D44BF07C9BF149B1B88AE888FD]::E928D3D6417709DCF96B76AFB3331502","Turn all districts to hostile status ","Turn all districts to hostile status ",""
"[4E26F2D44BF07C9BF149B1B88AE888FD]::545BE2B540E1EB658D96C0A1693E3684","Unlife is strange","Нежиття - дивна річ",""
"[4E26F2D44BF07C9BF149B1B88AE888FD]::F3D319BD45452A03B925A0AE792D1F6D","Unnatural disaster","Unnatural disaster",""
"[4E26F2D44BF07C9BF149B1B88AE888FD]::C2BD704744F068FFD06B17BE185E91F1","Upgrade a weapon ","Поліпшіть зброю ",""
"[4E26F2D44BF07C9BF149B1B88AE888FD]::44B00D35420543EA7C1DA4AC8F5FFA24","Upgrade a weapon with a module","Поліпшить зброю модулем",""
"[4E26F2D44BF07C9BF149B1B88AE888FD]::746C0D924FB941BD69D287A7EAE81084","Upgrade a weapon to level 5 ","Поліпшить зброю до рівня 5",""
"[4E26F2D44BF07C9BF149B1B88AE888FD]::B3CBCD51469A772AA1B7CEBB08CE8E06","Vampyr","Vampyr",""
"[4E26F2D44BF07C9BF149B1B88AE888FD]::EF763DB548460DF03D020FB27E059226","Weapons of choice","Зброя вибору",""
"[4E26F2D44BF07C9BF149B1B88AE888FD]::D62FDE2F4AD9AF20CC244392232D7E68","Work in progress","У процесі",""
"[DDCB3CA54BC05F4F236BC4A739195866]::1F92B28040D29951DDB4ADA765498D18","A required update is available on the network. To use this feature, please apply the update.","A required update is available on the network. To use this feature, please apply the update.",""
"[DDCB3CA54BC05F4F236BC4A739195866]::20EA7F41414B144BEBC4C9A79FC867AB","A valid Network connection is required to access PlayStation™Network.","A valid Network connection is required to access PlayStation™Network.",""
"[DDCB3CA54BC05F4F236BC4A739195866]::B7E22ECB403863C314C6688195AB10D2","All the progress made from the last checkpoint will be lost. Would you like to continue?","All the progress made from the last checkpoint will be lost. Would you like to continue?",""
"[DDCB3CA54BC05F4F236BC4A739195866]::0E462B1F4AAEA0192997ADBE1CABC5F7","All unsaved progress will be lost. Would you like to continue?","All unsaved progress will be lost. Would you like to continue?",""
"[DDCB3CA54BC05F4F236BC4A739195866]::1C6D81DF479040D86BF74996AFB2C21D","Cancel","Скасувати",""
"[DDCB3CA54BC05F4F236BC4A739195866]::2B9D814A4C29B53F2F71D3888D95D609","Cannot link account. You are not signed in to PlayStation™Network. You need to be signed in to PlayStation™Network in order to link your account.","Cannot link account. You are not signed in to PlayStation™Network. You need to be signed in to PlayStation™Network in order to link your account.",""
"[DDCB3CA54BC05F4F236BC4A739195866]::CCAF7BAD42B8E81047524F8AE64432A8","Checking","Перевірка",""
"[DDCB3CA54BC05F4F236BC4A739195866]::FC84E1A644B35D06FA33E6980999FA47","Checking downloadable content","Перевірка завантажувального вмісту",""
"[DDCB3CA54BC05F4F236BC4A739195866]::A3BADA19443D2A6D6A70468AE8785B23","Coming Soon.","Скоро буде.",""
"[DDCB3CA54BC05F4F236BC4A739195866]::3DF45A0C450BE80650F83AB050CC9D31","Continue","Продовжити",""
"[DDCB3CA54BC05F4F236BC4A739195866]::46EA67374AA7E1BB1B7E23BEBDE16D28","Download","Завантажити",""
"[DDCB3CA54BC05F4F236BC4A739195866]::18F79D4E467526EED88D06A2304DB9A2","Downloading","Завантаження",""
"[DDCB3CA54BC05F4F236BC4A739195866]::D63F0EAB4B3DDF5293457D83B44AA4FC","Failed to load downloadable content %s"". Please download the content again","Failed to load downloadable content %s"". Please download the content again",""
"[DDCB3CA54BC05F4F236BC4A739195866]::E2952FDB44D0E6F73284289B7BEE09DF","New downloadable content is available.","New downloadable content is available.",""
"[DDCB3CA54BC05F4F236BC4A739195866]::F9EE8FE34BFE52B26F897ABB9D6611FF","Options save file was corrupted. Your options settings have been deleted.","Options save file was corrupted. Your options settings have been deleted.",""
"[DDCB3CA54BC05F4F236BC4A739195866]::160CA3AE4586463CD3E5D58A8DB4C47B","PlayStation®Store","PlayStation®Store",""
"[DDCB3CA54BC05F4F236BC4A739195866]::228B05964316765950DFDF8FE20817A4","PlayStation™Network service access is disabled due to parental control settings.","PlayStation™Network service access is disabled due to parental control settings.",""
"[DDCB3CA54BC05F4F236BC4A739195866]::3FDC5D0E4EDCFD546108F98F4C616AF3","Please install the Episode if you want to resume your current progression.","Please install the Episode if you want to resume your current progression.",""
"[DDCB3CA54BC05F4F236BC4A739195866]::79C9E7044942D3BEB3A3C9BFBAA9A27C","Please reconnect your wireless controller.","Please reconnect your wireless controller.",""
"[DDCB3CA54BC05F4F236BC4A739195866]::B3E1C55D48582D437DD1308B0E3170A0","Please wait while the downloadable content is being installed.","Please wait while the downloadable content is being installed.",""
"[DDCB3CA54BC05F4F236BC4A739195866]::B656300D4557404BB02B658836D7DDD6","Press Any Button","Натисніть будь-яку кнопку",""
"[DDCB3CA54BC05F4F236BC4A739195866]::C0FDB3064173911A463D799AAC3D7DD7","Reading downloadable content, please wait","Читання вмісту, будь ласка, зачекайте",""
"[DDCB3CA54BC05F4F236BC4A739195866]::E3AC79534E0FDBF8FA28428F09EBADAA","Back","Назад",""
"[DDCB3CA54BC05F4F236BC4A739195866]::B09566D348B5102AB33DD0BC3BFCE113","Selected save data will be deleted. Would you like to continue?","Вибрані дані збереження буде видалено. Ви хочете продовжити?",""
"[DDCB3CA54BC05F4F236BC4A739195866]::E62F2EEC485032D3D6F4E0AE8A0BBED9","Sign in","Увійти",""
"[DDCB3CA54BC05F4F236BC4A739195866]::04BEBD6F4D7026A991D0E587C856A706","The downloadable content is not installed.<cf>Please install the Episode you wish to play.","The downloadable content is not installed.<cf>Please install the Episode you wish to play.",""
"[DDCB3CA54BC05F4F236BC4A739195866]::D9E02884499474D4D22489990CD0F98A","The following saved data is corrupted.<cf>The following saved data that was backed up by this system will be restored.","The following saved data is corrupted.<cf>The following saved data that was backed up by this system will be restored.",""
"[DDCB3CA54BC05F4F236BC4A739195866]::75A0DAC947F23147C1FB7494D8367280","The save data appears to be damaged and cannot be loaded. Would you like to create new save data?","The save data appears to be damaged and cannot be loaded. Would you like to create new save data?",""
"[DDCB3CA54BC05F4F236BC4A739195866]::684414DF48B6AB04C8428089010D5C6D","There is not enough free space in the system storage. The progress cannot be saved.","There is not enough free space in the system storage. The progress cannot be saved.",""
"[DDCB3CA54BC05F4F236BC4A739195866]::10B520BF4EF2A7183B69D4A7C13E1CDD","There is not enough free space on the hard disk drive. You need to free space to continue.","Недостатньо місця на диску. Вам потрібно більше місця, щоби продовжити.",""
"[DDCB3CA54BC05F4F236BC4A739195866]::D4C9C8184C01BD4519EED4AEE8269028","This game uses an auto-save feature. Please do not turn off your PlayStation®4 system while this symbol is displayed.","Гра може самозберігатися. Будь ласка, не вимикайте ваш PlayStation®4, коли бачите цей символ.",""
"[DDCB3CA54BC05F4F236BC4A739195866]::166033614931ACD5F7DDF486DEF25CBD","This save data belongs to another player and cannot be used. Would you like to overwrite it and create a new save file?","This save data belongs to another player and cannot be used. Would you like to overwrite it and create a new save file?",""
"[DDCB3CA54BC05F4F236BC4A739195866]::3C97F8494764A19C9E560994695A1890","This save file can only be used with the full version of the game.","Це збереження доступне лише в повній версії гри.",""
"[DDCB3CA54BC05F4F236BC4A739195866]::42D58E9F4DBEF49751E4839335E3AD9E","Unused","Unused",""
"[DDCB3CA54BC05F4F236BC4A739195866]::5CE486774AA6909F370C689C915CCEF5","Unused","Unused",""
"[DDCB3CA54BC05F4F236BC4A739195866]::8583CBBA4EEDAAB247C311805205CE9B","Unused","Unused",""
"[DDCB3CA54BC05F4F236BC4A739195866]::9BD06C8643C43A20656A77A27196C1BD","Unused","Unused",""
"[DDCB3CA54BC05F4F236BC4A739195866]::A00EEA224CFF4AA1B0F8A4BAF8611AD2","Unused","Unused",""
"[DDCB3CA54BC05F4F236BC4A739195866]::AB9280EF45FF59277EA6F680E6A55170","Unused","Unused",""
"[DDCB3CA54BC05F4F236BC4A739195866]::C76D02464A91651B0D111FA7E8FF3F70","Unused","Unused",""
"[DDCB3CA54BC05F4F236BC4A739195866]::CEC53C894FC5CD4899677789B084BFB0","Unused","Unused",""
"[DDCB3CA54BC05F4F236BC4A739195866]::DA77747245A790AFC7F8BE8DB78B8357","Unused","Unused",""
"[DDCB3CA54BC05F4F236BC4A739195866]::E55FBBA74971708E32FE259F11804310","Unused","Unused",""
"[DDCB3CA54BC05F4F236BC4A739195866]::F79A439E48A477FC47B635BE4B3F9220","Unused","Unused",""
"[DDCB3CA54BC05F4F236BC4A739195866]::FD0E576D49063E7FF8164F9ED6289BA8","Unused","Unused",""
"[DDCB3CA54BC05F4F236BC4A739195866]::AD25940344CBF302649740A0A3B92758","Warning!<cf>Any existing save data present in this slot will be overwritten.<cf>Would you like to continue?","Warning!<cf>Any existing save data present in this slot will be overwritten.<cf>Would you like to continue?",""
"[DDCB3CA54BC05F4F236BC4A739195866]::F9EA6E9A4006302528AD61BEFD61354C","Writing on system storage. Please wait.","Записування на диск. Будь ласка, зачекайте.",""
"[DDCB3CA54BC05F4F236BC4A739195866]::D5528B274F9A2A7FD8FF5A80187C81AB","You are not signed in to PlayStation™Network. Please sign in to PlayStation™Network to use online features.","You are not signed in to PlayStation™Network. Please sign in to PlayStation™Network to use online features.",""
"[DDCB3CA54BC05F4F236BC4A739195866]::B6D95622413BD59C89A7738C2AC7B1A5","You have been disconnected from PlayStation™Network. You will now return to the main menu.","You have been disconnected from PlayStation™Network. You will now return to the main menu.",""
"[DDCB3CA54BC05F4F236BC4A739195866]::5F7DEE734CE5D7E09CC44591F3D5AA29","You must sign in to PlayStation™Network.<cf>Please sign in to PlayStation™Network to use online features.","You must sign in to PlayStation™Network.<cf>Please sign in to PlayStation™Network to use online features.",""
"[DDCB3CA54BC05F4F236BC4A739195866]::45EA9AE340B508A6FD4058AE4EB360C0","Your connection to PlayStation™Network has been lost. Please check your network connection and try again. Online features will not be available.","Your connection to PlayStation™Network has been lost. Please check your network connection and try again. Online features will not be available.",""
"[ED1EB93C4A114A243F0B109D029B4C3C]::E45170C34A8B91ED0F330985E07E3454","A problem with your profile has been detected, Account Picker will be opened. Please validate to continue","A problem with your profile has been detected, Account Picker will be opened. Please validate to continue",""
"[ED1EB93C4A114A243F0B109D029B4C3C]::B70E5D9D42D410FF0585ACB2527A793D","A profile that is signed in to Xbox Live is required.","A profile that is signed in to Xbox Live is required.",""
"[ED1EB93C4A114A243F0B109D029B4C3C]::1D883D794132D470E1995DAF8E2CC954","A required update is available on the network. To use this feature, please apply the update.","A required update is available on the network. To use this feature, please apply the update.",""
"[ED1EB93C4A114A243F0B109D029B4C3C]::41EC683C46C9374F85FB259A54FD54BE","The selected profile is different, you will be returned to main menu. Continue ?","The selected profile is different, you will be returned to main menu. Continue ?",""
"[ED1EB93C4A114A243F0B109D029B4C3C]::363D69784FC9C90582F9CBBBC6ED3FA9","Active profile was signed out. Returning to the Title Screen.","Active profile was signed out. Returning to the Title Screen.",""
"[ED1EB93C4A114A243F0B109D029B4C3C]::1713C81D45341D8CBD0B37A22BDBABD1","All the progress made from the last checkpoint will be lost. Would you like to continue?","Увесь поступ здійснений з останньої точки збереження, буде втрачено. Ви хочете продовжити?",""
"[ED1EB93C4A114A243F0B109D029B4C3C]::FD2E83C84190F57AFAC103B63E0B06C8","All unsaved progress will be lost. Would you like to continue?","Незбережений поступ буде втрачено. Ви хочете продовжити?",""
"[ED1EB93C4A114A243F0B109D029B4C3C]::BD1315AC4C3F86AD57BD3BA19033BC7C","Cancel","Скасування",""
"[ED1EB93C4A114A243F0B109D029B4C3C]::57F2D24A49E5C70509F248B23AE9970A","Cannot link account. You are not connected to Xbox Live. You need to be signed in to Xbox Live in order to link your account.","Cannot link account. You are not connected to Xbox Live. You need to be signed in to Xbox Live in order to link your account.",""
"[ED1EB93C4A114A243F0B109D029B4C3C]::CBEB16314F3CE334B9708DB5B294CC1C","Checking","Перевірка",""
"[ED1EB93C4A114A243F0B109D029B4C3C]::5E9BDBB64FA5A64F36088BA03777BB58","Checking downloadable content","Перевірка завантажувального вмісту",""
"[ED1EB93C4A114A243F0B109D029B4C3C]::172DBD6F427CCC9FFE039D8EE6E19C9B","Coming Soon.","Скоро буде.",""
"[ED1EB93C4A114A243F0B109D029B4C3C]::44B7A74744A93FC0B3BB3D846816E05C","Coming Soon.","Скоро буде.",""
"[ED1EB93C4A114A243F0B109D029B4C3C]::4FB2FB6243CBFC5AC685A4AFE2A1CC41","Continue","Продовжити",""
"[ED1EB93C4A114A243F0B109D029B4C3C]::20F723164DE7C505A79814908431FEF3","Controller disconnected. Please reconnect your controller.","Controller disconnected. Please reconnect your controller.",""
"[ED1EB93C4A114A243F0B109D029B4C3C]::37B61C4646073A60DF472A87BBD0B8A3","Download","Завантажити",""
"[ED1EB93C4A114A243F0B109D029B4C3C]::049330A741D76B8AC2C17E9FF817AFAC","Downloading","Завантаження",""
"[ED1EB93C4A114A243F0B109D029B4C3C]::0231A9B74DDF8319C0625AB2AE33F7B4","Failed to load downloadable content %s"". Please download the content again","Failed to load downloadable content %s"". Please download the content again",""
"[ED1EB93C4A114A243F0B109D029B4C3C]::8CB3639B420BB11C7712E4AAD2E82634","Failed to load downloadable content %s"". The signed-in profile doesn't own this episode.""","Failed to load downloadable content %s"". The signed-in profile doesn't own this episode.""",""
"[ED1EB93C4A114A243F0B109D029B4C3C]::D372AC2A49A41C073FB319ABF95E2C0C","New downloadable content is available.","Доступний новий завантажувальний зміст.",""
"[ED1EB93C4A114A243F0B109D029B4C3C]::0BCB6268402EEC2100D34F99A696CDF0","No storage device was selected, game progress will not be saved.","Накопичувач не вибрано, поступ гри не буде збережено.",""
"[ED1EB93C4A114A243F0B109D029B4C3C]::1473D66B4F51D25E2809B1BC3ABE43B9","Options save file was corrupted. Your options settings have been deleted.","Options save file was corrupted. Your options settings have been deleted.",""
"[ED1EB93C4A114A243F0B109D029B4C3C]::22A614BA4EB26CDD8518E89D0E3F5AE1","Please install the Episode if you want to resume your current progression.","Please install the Episode if you want to resume your current progression.",""
"[ED1EB93C4A114A243F0B109D029B4C3C]::5C2F856742456E7FA6CFF5B7F6195713","Press Any Button","Натисніть будь-яку кнопку",""
"[ED1EB93C4A114A243F0B109D029B4C3C]::6FDE0A0642304DB88BBD29ABE4BD289C","Reading downloadable content, please wait","Читання вмісту, будь ласка, зачекайте",""
"[ED1EB93C4A114A243F0B109D029B4C3C]::5099444F47B2FE32581D8CAFD7A2F7CD","Yes","Так",""
"[ED1EB93C4A114A243F0B109D029B4C3C]::1BC590A84D25F88D0AA2D9AACC23B9E1","Selected data will be deleted. Would you like to continue?","Selected data will be deleted. Would you like to continue?",""
"[ED1EB93C4A114A243F0B109D029B4C3C]::43A646484D95492DF0D6A4800B4CEB47","No","Ні",""
"[ED1EB93C4A114A243F0B109D029B4C3C]::7BB3FCAA4F74391EA255D283D0756B8C","Storage device removed. All unsaved progress will be lost. You will be returned to the title screen.","Storage device removed. All unsaved progress will be lost. You will be returned to the title screen.",""
"[ED1EB93C4A114A243F0B109D029B4C3C]::C310E713441C69E3891705A141AD6ACD","The downloadable content is not installed.<cf>Please install the Episode you wish to play.","The downloadable content is not installed.<cf>Please install the Episode you wish to play.",""
"[ED1EB93C4A114A243F0B109D029B4C3C]::54CBF11A41E86AAE5A5CAB9E7FFB44EC","The following saved data is corrupted.<cf>The following saved data that was backed up by this system will be restored.","The following saved data is corrupted.<cf>The following saved data that was backed up by this system will be restored.",""
"[ED1EB93C4A114A243F0B109D029B4C3C]::6EA291BC4771D181385943866776E9D1","The following saved data is corrupted.<cf>The following saved data that was backed up by this system will be restored.","The following saved data is corrupted.<cf>The following saved data that was backed up by this system will be restored.",""
"[ED1EB93C4A114A243F0B109D029B4C3C]::09F951884EE7091BE13E84B5137314B3","There is not enough free space available. The progress cannot be saved.","There is not enough free space available. The progress cannot be saved.",""
"[ED1EB93C4A114A243F0B109D029B4C3C]::BA88546242C33B9C7FA978BEB5469AC8","There is not enough free space on the selected storage device.","There is not enough free space on the selected storage device.",""
"[ED1EB93C4A114A243F0B109D029B4C3C]::9E26518149772C608FB755B54A25FAB2","This game uses an auto-save feature. Please do not turn off your Xbox One console while this symbol is displayed.","This game uses an auto-save feature. Please do not turn off your Xbox One console while this symbol is displayed.",""
"[ED1EB93C4A114A243F0B109D029B4C3C]::C373734542678C43C98F8AB993E3E6AD","This save data does not belong to your profile. You will not be able to unlock achievements. Would you like to continue?","This save data does not belong to your profile. You will not be able to unlock achievements. Would you like to continue?",""
"[ED1EB93C4A114A243F0B109D029B4C3C]::EF76167A421E499F9D3213922A81C7D2","This save file can only be used with the full version of the game.","This save file can only be used with the full version of the game.",""
"[ED1EB93C4A114A243F0B109D029B4C3C]::3E9C09594CCF758E4A7D9EA995937380","Unused","Unused",""
"[ED1EB93C4A114A243F0B109D029B4C3C]::64B13E3D4ED95C1DA2CF80AEA61DE493","Unused","Unused",""
"[ED1EB93C4A114A243F0B109D029B4C3C]::6D3B82664A33FD35A6366DB6CE6BF9F2","Unused","Unused",""
"[ED1EB93C4A114A243F0B109D029B4C3C]::D9E43D5048CD480E837956BF74C091D4","Unused","Unused",""
"[ED1EB93C4A114A243F0B109D029B4C3C]::FD8C82A7448265212DCEC9A6DCDF56B1","Unused","Unused",""
"[ED1EB93C4A114A243F0B109D029B4C3C]::FE8DD24043501D07DB8BD59FBA5D7171","Unused","Unused",""
"[ED1EB93C4A114A243F0B109D029B4C3C]::860A72084FDF97F0E3EB1D9C34CCF638","Warning!<cf>Any existing save data present in this slot will be overwritten.<cf>Would you like to continue?","Warning!<cf>Any existing save data present in this slot will be overwritten.<cf>Would you like to continue?",""
"[ED1EB93C4A114A243F0B109D029B4C3C]::2CDBA80A453EAAF68A2FF794BC004CB3","Writing on system storage. Please wait.","Записування на диск. Будь ласка, зачекайте.",""
"[ED1EB93C4A114A243F0B109D029B4C3C]::0C71FFC846AD53370279C2A1B0C985D2","Xbox Store","Магазин Xbox",""
"[ED1EB93C4A114A243F0B109D029B4C3C]::90169CD540662BCED7A8F8A27F2EA6E3","You are not signed in to Xbox Live. Please sign in to Xbox Live to use online features.","You are not signed in to Xbox Live. Please sign in to Xbox Live to use online features.",""
"[ED1EB93C4A114A243F0B109D029B4C3C]::F4DE73B44F3C682A0D82A7B733A5D303","You are not signed in to a profile. To save your configuration and progress, you must be signed in to a profile.","You are not signed in to a profile. To save your configuration and progress, you must be signed in to a profile.",""
"[ED1EB93C4A114A243F0B109D029B4C3C]::2E1ED7784220C89210EC5DBC6C50F92D","You have been disconnected from Xbox Live. You will now return to the main menu.","You have been disconnected from Xbox Live. You will now return to the main menu.",""
"[ED1EB93C4A114A243F0B109D029B4C3C]::1205C6294CD2FEA74998AA92B4CFB8A0","Your connection to Xbox Live has been lost. Please reconnect to Xbox Live to use this feature.","Your connection to Xbox Live has been lost. Please reconnect to Xbox Live to use this feature.",""
"[ED1EB93C4A114A243F0B109D029B4C3C]::C2FDFCEB4974E576E743FBBAFC247816","Your connection to Xbox Live has been lost. Please reconnect to Xbox Live to use this feature.","Your connection to Xbox Live has been lost. Please reconnect to Xbox Live to use this feature.",""
