"Key","Source","Translation"
"43343F924610B8469100478D97CAC651","A leech! A leech!","Ліч! Ліч!"
"74BE17BD49A263CDA4D4F99A17992208","A leech! A leech!","Ліч! Ліч!"
"84D707D94B41C45E734DB7B23D9BA8DD","Abomination!","Мерзота!"
"5EBF962648F8006C19367C93B000BED1","Ain't safe here for a gentleman!","Тут небезпечно для джентльмена!"
"60F0BCD249C960B26359B786F94AEA8E","Ain't safe here for a gentleman!","Тут небезпечно для джентльмена!"
"E1EA1E994D4737368A774EB999C53230","Ain't safe here for a gentleman!","Тут небезпечно для джентльмена!"
"CC1E831B44E5482D8AE07E83DA5FC9F7","All of you bloody leaches need killing!","Усіх вас, кривавих лічів, слід убити!"
"41368C9140DF1DA29E6229BD80B3B988","All these fucking patrols exhaust me, mate!","Усі ці блядські дозори виснажують мене, друже!"
"497C197E417642A9C81FC78E30659735","All these fucking patrols exhaust me, mate!","Усі ці блядські дозори виснажують мене, друже!"
"E0049799497913CE344AF29D72B7A12C","All these fucking patrols exhaust me, mate!","Усі ці блядські дозори виснажують мене, друже!"
"FDD7AC0B44A869A756D0A69451978F49","All this fighting! All these dead! For nothing! Nothing!","Усі ці бійки! Усі ці мерці! Усе даремно! Даремно!"
"FC51F7A74428D8680F9B60938BC28AA3","And thine shall be a fair skull to adorn my mantle!","And thine shall be a fair skull to adorn my mantle!"
"75BE0AC64E5C4327B5758592FC63FD89","Angry, she will be! Merciless, she will be!","Angry, she will be! Merciless, she will be!"
"38C2573649664AC4E45EC5B033C26E95","Are you bloody stupid?","Ти кровавий бовдур?"
"0714530C42DC9CCBF99A4A83D0401418","Are you deaf?","Ти глухий?"
"5879CC3447F6C0CAC95A23B45050459E","Are you deaf?","Ти глухий?"
"7EB18B1C4CD7613635C37AB24EECE252","Are you deaf?","Ти глухий?"
"8234FC2440D2ECDC827ED09A06FE64A4","Are you deaf?","Ти глухий?"
"9D97462643C3AE5BBBD98C9301317ACA","Are you deaf?","Ти глухий?"
"90CB743E414F5ECE49D5C5AB3EB0D548","Are you from Ascalon? I don't care!","Are you from Ascalon? I don't care!"
"F7073CB54EA46553949FABA2E60FD24E","Are you stupid?","Ти дурний?"
"7CA0ED4E4F66190FAA298BAB3B58EFE0","Arise and save your queen, my slaves!","Arise and save your queen, my slaves!"
"0326074343713C817121928349C75A4B","Ascalon shall prevail!","Ascalon shall prevail!"
"67F210CF4C7E4BDC3A9FE6B13A2B4165","Assassin!","Убивця!"
"2818666C44C0D48791BAB8B892CF67CD","Away with you!","Away with you!"
"E2939F0049012622D935C7BC7CB6D53B","Away with you!","Away with you!"
"0D64D25A4E60BDD2A368AF938668C95F","Aye, but the Guard is recruiting more and more of us every day!","Aye, but the Guard is recruiting more and more of us every day!"
"6893A32F40D189F414E259A51F40A4DE","BOOM! Eat that!","БАХ! Викуси це!"
"964C719C471BA2F9865F99BB37C7DBB2","BOOM! Eat that!","БАХ! Викуси це!"
"DCC80FC1402330E50729409BC02736ED","BOOM! Eat that!","БАХ! Викуси це!"
"7432BD7D460EF26C245931A01F41A1C0","BOOM! Eat That!","БАХ! Викуси це!"
"57300D8742DC49FD86D4AA8EFDDF9047","Back in the grave, you!","Повертайся в могилу!"
"0441DD91481D1CF813CB62A09926DE5C","Back, demon! Back!","Назад, демоне! Назад!"
"544782FE48164DFE7E43AA96C5C8FF00","Back, demon, back!","Назад, демоне! Назад!"
"0DAC76E048FFBE2EC38B1AA25CA3E8B1","Fucking Bastard !","Йобаний виродок !"
"10E4E36641524B4D491564BAEA78609E","Fucking Bastard !","Йобаний виродок !"
"E50535A449D9A5A9947308B58CFDD1A0","Fucking Bastard !","Йобаний виродок !"
"3C217BAD4DD44FFA02D7D2961F64986C","Be strong, brothers!","Будьте сильними, браття!"
"01088F504C6CD3D15058C4ABD9E7A7F6","Beast! Murderer!","Звір! Убивця!"
"EB8BC1094C4819A2CBECC38184E6BAB3","Because you spared Sean Hampton, don't expect the same mercy from me!","Because you spared Sean Hampton, don't expect the same mercy from me!"
"237645F441987C28DEB68D80F33D79D8","Behold, kinslayer, the disgrace of she whose beauty was once renowned! Will she be the queen again once they all share her fate?","Behold, kinslayer, the disgrace of she whose beauty was once renowned! Will she be the queen again once they all share her fate?"
"1E70C8144C7626E5FBC41D8238E9298F","Best be moving on!","Краще рухатися далі!"
"6D1401E44533DAC97A80AEA86A7ED98E","Best be moving on!","Краще рухатися далі!"
"6D8A269F4F64A241B27F728739767BDA","Best be moving on!","Краще рухатися далі!"
"E5C445F942055E5971179B9F46086FCD","Best be moving on!","Краще рухатися далі!"
"176F7BDF4F11884D8DD142AE21161F62","Best be off home!","Краще йди додому!"
"5435BF8A439E8ADEE627C3AD453F4F38","Best be on to your home.","Краще повертайтеся додому."
"C21CBD834413CC8A7DDFC59B112CC11C","Best be on your way home!","Краще повертайтеся додому!"
"8376A79548F399499D85EDBAFC50D4B7","Best run along home, sir!","Краще біжіть додому, сер!"
"AF69D64B404D918F8E4573B9F2CE09A2","Best run along home, sir!","Краще біжіть додому, сер!"
"BDBDB0A2438B5EBD2BE735BEFF7E7AA4","Best run along home, sir!","Краще біжіть додому, сер!"
"E8177B1240AC66C9529849A5DD5582C5","Best run along home, sir!","Краще біжіть додому, сер!"
"0FC7AB9F47BAC7B6415A1793468CD3DC","Best stay back, sir!","Краще не підходьте, сер!"
"B51DB0B941551D011076F4A241CF441E","Best stay back, sir!","Краще не підходьте, сер!"
"BAC50466402ABC9E7F689D81AC4CFB93","Best stay back, sir!","Краще не підходьте, сер!"
"E2699E7F4250D0204864E5A8549150A5","Best stay back, sir!","Краще не підходьте, сер!"
"E337213B41325984DF72D98785F56AE7","Best stay back, sir!","Краще не підходьте, сер!"
"241647884D3A22461821F4AD1779AAE2","Best turn around, if I were you!","На твоєму місці я б розвернувся!"
"5057C7934F9E83F6BCC0ED857F127493","Best turn around, if I were you!","На твоєму місці я б розвернувся!"
"69E4553A43C75CBA3BFE77A48210ED94","Best turn around, if I were you!","На твоєму місці я б розвернувся!"
"B792A54B4C962587F43F6A9710D6583A","Best turn around, if I were you!","На твоєму місці я б розвернувся!"
"D2DD6CB94EEE8CB1A5F12E903ED15D07","Best turn around, if I were you!","На твоєму місці я б розвернувся!"
"067FC9E047C8758EB2B8BCA7B6384A97","Better go home, sir!","Краще йдіть додому, сер!"
"FEE398EB4BFD523D04D73AA7BAEEE699","Better go home, sir!","Краще йдіть додому, сер!"
"7EFECD2A497D6D9F4C0C0D9D10DBFF06","Blood sucker! I'll stick you like a pig!","Кровопивця! Я заріжу тебе як свиню!"
"D64B0DCB405454C30A56A2B6402B2843","Blood! Feed me! Give me their lives!","Кров! Нагодуй мене! Дай мені їхні життя!"
"131FA90F482020C7F83152A2A63BD6D3","Bloody leech!","Кривавий ліч!"
"51214AE94E25F952FA2757AFA6F4D6A2","Bloody leech!","Кривавий ліч!"
"B60BF2C34B696239E39072A2D2DB2EED","Bloody leech!","Кривавий ліч!"
"D9148A2248105FF49160DF9FA5AB0086","Bloody leech!","Кривавий ліч!"
"DE803D8C432F561370675EABA4DEC834","Bloody leech!","Кривавий ліч!"
"4D00E1CF47504EA6A22204B65ADE12ED","Bloody leeches! I'll cut down the first one to show its face!","Криваві лічі! Я приб'ю першого ж, хто покажеться!"
"57A2B86D4BA256ED1E75CC9E87BE6681","Bloody monster!","Криваве чудовисько!"
"84AE2EA54D64E2B2BFBD1BB60689DA5C","Bloody monster!","Криваве чудовисько!"
"279753794A1BF4C2267937A3C5EA1AF2","Bloody vermin!","Кривава нечисть!"
"30431A76473644F696A747B330770F36","Bloody vermin!","Кривава нечисть!"
"AFCC1A8D42E04F6857D6808A4909C441","Bloody vermin!","Кривава нечисть!"
"1DBC54234F8DC4D139106CB36BD39803","Brother of mine! The sleeper has awakened! ","Брате мій! Сплячий прокинувся! "
"08D948CB45CA1EF540A98C890109F662","Burn 'em – that's what you do with leaches!","Паліть їх! Ось що слід робити з лічами!"
"097EA0954ED8A6C0A0F3A0A63BFEDA2B","Burn, vermin!","Гори, нечисте!"
"0B300B2B485727C35A9DE49DB350DF1E","Burn 'em – that's what you do with leaches!","Паліть їх! Ось що слід робити з лічами!"
"35B5B0F84001FD55A774DC9CB6E19B09","Burn 'em – that's what you do with leaches!","Паліть їх! Ось що слід робити з лічами!"
"615453784A4B03A8E931CFA186E44CC0","Burn, vermin!","Гори, нечисте!"
"6F5155F24DB0AEAE418DA593DC636762","Burn 'em – that's what you do with leaches!","Паліть їх! Ось що слід робити з лічами!"
"1AB764CF4B873CF42A35F18FBD01F313","Burn it!","Спаліть його!"
"1B56F3ED4DD17A27CD8578B38A462426","Burn it!","Спаліть його!"
"42C2CA284F562556BD0156AD0F4D0307","Burn it!","Спаліть його!"
"6A1236BC48DA26F0CABCC98DD3DC96F9","Burn it!","Спаліть його!"
"F99019C944E5AC8EE5833A8D90579B04","Burn it!","Спаліть його!"
"037BF43A40FCBAF8CE11B3849E10B24D","Burn it, boys!","Спаліть його, хлопці!"
"0429A5544E1485DBA47316B6EDB8C8DD","Burn it, boys!","Спаліть його, хлопці!"
"192BB30C408B7CDFBC85EDA81BD543E4","Burn it, boys!","Спаліть його, хлопці!"
"552810D147A6FBBB5EE3F09F400BE1A9","Burn it, boys!","Спаліть його, хлопці!"
"3D58ECC543A9D4365A31CA986FFDFD58","Burn, vermin!","Гори, нечисте!"
"4DA0E7D648AF602DC03C13BCF8948BBE","Burn, vermin!","Гори, нечисте!"
"678FF392471739FA383740926830493F","Burn, vermin!","Гори, нечисте!"
"CBCC96644888BA0BD8930EA2B94B6965","Burn, vermin!","Гори, нечисте!"
"F58107EE4A3FA36632EECE9857992B95","Burn, vermin!","Гори, нечисте!"
"93B44775443A28A86785FE9F4D0CE3D8","Burn, you fucker!","Гори, паскудо!"
"D87D46CE4AE0C27F3828F68D54C8B768","Burn, you fucker!","Гори, паскудо!"
"E39281BC495F1FA75F9E89A2725F27CF","Burn, you fucker!","Гори, паскудо!"
"437CEC0F4F34D73901B36FA032DF453C","Oh, Christ! He's dead!","Ох, Ісусе! Це мертвяк!"
"4E4F536B4B4384BF2D55288B453A145A","Christ, he's dead!","Господи, це мертвяк!"
"8D7F85BE482408300055508DDCC3B559","Christ, he's dead!","Господи, це мертвяк!"
"3F45439C4B20F288482DB3827669E429","Christ, he's dead...","Господи, це мертвяк..."
"88EFBB5B4C64D5B3F2684D9230A99E63","Christ, he's dead...","Господи, це мертвяк..."
"1C5BA1E2422DC98E566244BCFBE8D65A","Clever fucking beast!","Розумна йобана тварюка!"
"1ED604FE4A399641BA0DD3A8F38E3F10","Clever fucking beast!","Розумна йобана тварюка!"
"7ED6CD0947A9EA112B8DBE8FF2779166","Clever fucking beasts!","Розумна йобана тварюка!"
"B8CAC476487E562BF43DE790E03288F7","Clever fucking beasts!","Розумна йобана тварюка!"
"DE7039AB42E657EA5FA6F9968ACC6C98","Clever fucking beasts!","Розумна йобана тварюка!"
"3A88D9B84BF27B14003D17BFD33B3118","Close your eyes! It's gonna hurt!","Заплющте очі! Буде боляче!"
"22BAE2A445E27B4968321EABBC670B1A","Come back here and fight!","Повернися та бийся!"
"62092DB74E7485B56CB02DAF48CB983A","Come back, here and fight!","Повернися та бийся!"
"CD00C5A34EA112B40B9B3AA7D2D14DE8","Come back here and fight!","Повернися та бийся!"
"D37F07A442FC6D477FF9CCBCE9C10E7D","Come back, here and fight!","Повернися та бийся!"
"A3C992624EC852ABCDBB58BB1C371418","Fuck! Come back, you!?","Блядь! Ти, повернися!?"
"9C0CE34640E65236D2F0E2A9501B54F1","Come on, Reid! Try something else!","Ну ж бо, Ріде! Спробуй щось інше!"
"940DEDAA4CE4F39118FE4DBE06BF6693","Come to me, Jonathan!","Ходи до мене, Джонатане!"
"1DDE53734FF0BEAB76FEAE9C3C515171","Come to me, my servants! Avenge me!","Прийдіть до мене, слуги мої! Помстіться за мене!"
"3442FCCA4FAFD700647588B230FEC7BA","Crawl back to the hell that spawned ya!","Повзи назад до пекла з якого ти виліз!"
"664CE7FB457EC51CE96D03890C0931B6","Crawl back to the hell that spawned ya!","Повзи назад до пекла з якого ти виліз!"
"203DF3FC4CE8F92B8EDF2DB8FC7ED6FB","Crush that leech, boys!","Розчавіть цього ліча, хлопці!"
"22043C50489F1A9DF249D99787A10805","Crush that leech, boys!","Розчавіть цього ліча, хлопці!"
"4EE8ED2F4277A4ED7307BEBF671C47CE","Crush that leech, boys!","Розчавіть цього ліча, хлопці!"
"C34B3B4D45D246D3DD1747A55682C4DE","Crush that leech, boys!","Розчавіть цього ліча, хлопці!"
"D2678CBA41EE06E9B91C4FA90575ECF8","Crush that leech, boys!","Розчавіть цього ліча, хлопці!"
"D4B037B84820F323FC8C728C13FE7A45","Crush that leech, boys!","Розчавіть цього ліча, хлопці!"
"47336C1341D8A32BF93CA2852CFA7300","Damn! Where is it?","Трясця! Де він?"
"ABB0F8904EDBA896079EFCBAECFEF99E","Dear, God!","О, Боже!"
"D7850FB94CE873339B3199A6A6E73C6F","Dear, God!","О, Боже!"
"0F0C568348DFB6D0155E79959DE6B085","Destroy it!","Знищіть його!"
"49DC67234D4B60A95CAF4CAA92947A64","Did you hear me?","Ти чув мене?"
"6EE11D4D41C79BDAAD39CE967FCB73F0","Did you hear me?","Ти чув мене?"
"800099AC436819CCD279068B7F6AE014","Did you hear me?","Ти чув мене?"
"2082C0014399719A0D94DE804EEA8348","Did you read McCullum's last note?","Did you read McCullum's last note?"
"2AC18E784FFB5243DCA463B962658438","Didn't you hear me?","Ти не почув мене?"
"F0B5375C47B8E6E4D6852DBB9C07CCC5","Die Newborn!","Помри, новонароджений!"
"00C322624B2C31AB33B0F2A262323161","Die!","Здохни!"
"058CC6A14F5756B413DFD5B0C7306708","Die!","Здохни!"
"10D296A0462351FE1F671898ADBBC889","Die!","Здохни!"
"228E64504768E13FFF8DBEA0106EE105","Die!","Здохни!"
"32D4B99441E8CC1C50F0FDB236223651","Die!","Здохни!"
"C53EDE404FF63FE33F3508B2230FB978","Die!","Здохни!"
"28F8E6B848E4395F32E7BD8DDE9589F9","Die, beast!","Помри, тварюко!"
"3C6194B949E5977A585343BA7DDECF89","Die, beast!","Помри, тварюко!"
"8FE032D14EE9070379916A9449780661","Die, fucking arsehole!","Здохни, йобаний мудак!"
"82A8D6854003D73E8DAAA79EC9E1DE3B","Die, leach!","Здохни, ліч!"
"F94FE16A46A7670C6829C5AD16091340","Die, leach!","Здохни, ліч!"
"5A7578D64C0004764C2156AA37E43231","Die, newborn!","Помри, новонароджений!"
"A8C446C14E4A469DFDA372B6BD7E021B","Die, traitor!","Помри, зраднику!"
"3149258D45FF5524ECF8D0B9061759B0","Die, vermin!","Помри, нечисте!"
"432674FB470CF8A7CB8679B322D14041","Die, vermin!","Помри, нечисте!"
"73EA3F354EA3F91AAAB09C9CABDC5D8D","Die, vermin!","Помри, нечисте!"
"90E957DA48B3679E6F45579618E360EF","Die, vermin!","Помри, нечисте!"
"0EC502964C902E7F625849A567DE6680","Disappeared into thin air!","Розчинився в повітрі!"
"9C34125C4844DA5A060E8F9766175535","Disappeared into thin air!","Розчинився в повітрі!"
"D94C90AB4059254B1BC9DBBBC6807117","Disappeared into thin air!","Розчинився в повітрі!"
"F1B4540344C55851401D75B49C967202","Disappeared into thin air!","Розчинився в повітрі!"
"2884BBBB41B7E5D459D2CA9913E1CB25","Doesn't like fire, does it!","Не подобається вогонь, чи не так!"
"5517419B4D9E3D17B0A3C19F52F2F423","Doesn't like fire, does it!","Не подобається вогонь, чи не так!"
"A1C8A7184AD0D0EBC362368828D37388","Doesn't like fire, does it!","Не подобається вогонь, чи не так!"
"A78264414146F6C988E145A8C87F8EF7","Doesn't like fire, does it!","Не подобається вогонь, чи не так!"
"EB79A58A46081DD993D34FADE24ABF50","Doesn't like fire, does it!","Не подобається вогонь, чи не так!"
"4618592A46A64FBB1ECF768777355884","Don't come any closer!","Не підходь ближче!"
"11F29DA5420B15F7E3D1EE8B363B3EF9","Don't come any further!","Не підходь ближче!"
"8F9129C94287EE057BB1DAAEF2ADC67F","Don't come any further!","Не підходь ближче!"
"ACAD00874C1C3B278293438D4924277F","Don't come closer!","Не підходь ближче!"
"10F721FE4DCE34557CDBF3BA88598AE7","Don't come closer, sir!","Не підходьте ближче, сер!"
"43DF8E36481C47E61B6FC68B05B2A32B","Hey! Don't come no closer!","Агов! Не підходь ближче!"
"5F099C0E4FF33E19B09244AED6DC74FE","Don't die too quickly! I want to see you suffer! ","Не помирай так швидко! Я хочу побачити твої страждання! "
"121CA68D491324E4E5D2B896C7FD5A42","Don't forget to check every door!","Не забудьте перевірити кожні двері!"
"07256833421A5430221ABD812F2C8CEB","Don't like that, do ya?","Не подобається, так?"
"77216E2E48BD00508B16C7AF346E9E0A","Don't like that, do ya?","Не подобається, так?"
"9447021446F97168E20C78B8BCE3F6EF","Don't like that, do ya?","Не подобається, так?"
"B587BF8D4F28445CD53C58ACD2D7C423","Don't like that, do ya?","Не подобається, так?"
"6BC134084881C0E4CD84A887D7F2080F","Don't you know better?","Don't you know better?"
"B5D301434E16EB087D981DA5A287C5A2","Dont come any fucking closer!","Блядь, не підходь ближче!"
"DE7B418645E7662F33E66E9D8CD2E1E5","Dont come any fucking closer!","Блядь, не підходь ближче!"
"383114AB46C34F3D2FC667898BA4A58F","Don’t forget to check every door!","Не забудьте перевірити кожні двері!"
"4A517F0B4F5501C0659623BBE67E2964","Don’t like this silence!","Не подобається ця тиша!"
"1BCF6B6C40A22272C68A6C93BA28950F","Door is locked!","Двері зачинені!"
"FA01AF22459FA0006FE9AA834DF90DDF","Down, stay down!","Down, stay down!"
"2D09476944C3E30881D4339EC32CE50A","Drink! Drink! Drink!","Пий! Пий! Пий!"
"8491B7364C2E74C63D6CABB3D1A681AB","Easy boys! Don’t forget; check every roof and every door!","Easy boys! Don’t forget; check every roof and every door!"
"320A733A4D83F3BCBC3B6393F849392E","Easy does it, boys! We can deal with this vermin!","Easy does it, boys! We can deal with this vermin!"
"D31C71AF416227C041C00FB5E7F9E6BD","Easy does it, boys! We can deal with this vermin!","Easy does it, boys! We can deal with this vermin!"
"D94BAC1D49336D98EDA18F91AA03CB9C","Easy does it, boys! We can deal with this vermin!","Easy does it, boys! We can deal with this vermin!"
"52D948CA421055D1989380B5129FBE95","Easy, Billy boy! This corpse is drained dry! Whoever did this is long gone!","Easy, Billy boy! This corpse is drained dry! Whoever did this is long gone!"
"354599664EE4B5E49258C4A3606F17DA","Eat this!","Викуси!"
"3CDDB99741CB3B21A5F6CE87773169FE","Eat this!","Викуси!"
"74A8FF20478C2AC2D6C45BA402843996","Eat this!","Викуси!"
"D3CDA6B24E684E4E7927F984B83DC2CA","Eat this!","Викуси!"
"13F05F8947631AD6423BA2B082A87734","Eat, for this is my body!","Eat, for this is my body!"
"2811CF7B4B0A5DC6B2B069B6B9D8DC28","En garde!","До бою!"
"1CDE736A4D822311833D08B83196EC98","Face the true power of the shadows!","Пізнай істинну силу тіней!"
"52E086A9496C70E041C86091E9E42411","Fangs on the jugular! You fight like a rabid beast!","Fangs on the jugular! You fight like a rabid beast!"
"186AD9FE4FB8ACEF1E1E6C963E0CAEBE","Fear no evil! We do the Lords work here!","Fear no evil! We do the Lords work here!"
"603AC2504AE777034DD5E48108FBEDB6","Fear no evil, we do the Lords work here!","Fear no evil, we do the Lords work here!"
"3D320336454B28D5B875A7A2793165E4","Feed your mother, child!","Нагодуйте свою матір, дитя!"
"204611674DC86EDEBFF67D86EE8E107E","Filthy Vermin! Keep sharp, lads!","Filthy Vermin! Keep sharp, lads!"
"53FB2037465D8D513C9123B9A758C258","Filthy fucking beast!","Брудна йобана тварюка!"
"FCB10A23451C1D111A14CBB34CFF331B","Filthy fucking beast!","Брудна йобана тварюка!"
"B13D1B51430F36D2879ADE9A195813F3","Filthy murdering bastard!","Мерзенний вбивця!"
"EE2A59EF49DDCAA95F910DB280631556","Filthy murdering bastard!","Мерзенний вбивця!"
"FBB8FBBF403F2314C69DBA94BA538EF2","Filthy murdering bastard!","Мерзенний вбивця!"
"5234E71A485614BE44E9CBA81B7EE146","Filthy piece of shit!","Мерзенний шматок лайна!"
"8ACF36D346D187EACD07F7BD56B1B195","Filthy piece of shit!","Мерзенний шматок лайна!"
"B675BFC746878B1F4135FFBB54CA482D","Find me if you can!","Знайди мене, якщо зможеш!"
"148D042C425A8FD386D141A6DFB65AB7","Finish it!","Прикінчіть його!"
"21539C5F4EFADE7849357189B971740D","Finish it!","Прикінчіть його!"
"29D0A60649623CB1EFCBAB8B1F90DF90","Finish it!","Прикінчіть його!"
"34F4C7D04029F67F7BCC4882490D1A2C","Finish it!","Прикінчіть його!"
"5086633A4C0E9419D6966D9B7EB1306F","Finish it!","Прикінчіть його!"
"9517ED8E414877D0F62C05B9726EFF11","Finish it!","Прикінчіть його!"
"C73594034182DEEFD0FA1196447821A8","Finish it!","Прикінчіть його!"
"EF376D2140354972429864A3A9EB0F0E","Fire will cleanse the city!","Вогонь очистить це місто!"
"8D76EA744F4764C73D98DD9AB0688B40","Foolish Ekon!","Дурний екон!"
"97A7E6FA41FBC9CA544AF796BAD985AA","Foolish Ekon!","Дурний екон!"
"3D8618094880957CD80694BBEB261C9B","For Ascalon!","За Аскалон!"
"86224C8549D6AC63CA0F559D9E21DA5B","For mankind! For my family!","За людство! За мою сім'ю!"
"190470B943532605F58896BB02BAA4E1","Fuck it's fast!","Блядь, він швидкий!"
"551ED9934B6E61116EAD5AB255106304","Fuck it's fast!","Блядь, він швидкий!"
"769209A74EAB2417222AC1B09704AA17","Fuck it's fast!","Блядь, він швидкий!"
"42E0E322416989AFD61BDB91155DE55B","Fuck no!","Блядь, ні!"
"5CA0DAD846BDEB5B71930BA746A21283","Fuck no!","Блядь, ні!"
"764595A8467BFDD2B6A279875A12445A","Fuck no!","Блядь, ні!"
"6E443EEC4FD85B95C048C3BC8F24F6EF","Fuck! Where'd it go?","Блядь! Де він дівся?"
"4118757A48193768AA79A5A862EDDC5A","Fuck! he's dead!","Блядь! Це мертвяк!"
"A49AD87447D34740C1C4A3BFF482DDAE","Fuck, it's bitiin!","Блядь, воно кусається!"
"27A5748A41964E2A6CEBDFB239AFF980","Fuck, it's biting","Блядь, воно кусається"
"A18371184BAF9030AC5BC4BAABBD9BD1","Fuck, it's biting","Блядь, воно кусається"
"A82C6E3B4F308971C1AA23B2C32F7304","Fuck, it's biting","Блядь, воно кусається"
"37A289BE4BDA654A5E60BAB138E4F576","Fuck, it's bitting!","Блядь, воно кусається!"
"34C9347A45D07EECD053E38A61B42591","Fucking bastard!","Йобаний виродок!"
"04BFE90D4BF79ACF8EEA07BD954EE80F","Fuck… Come back, you!?","Блядь... Ти, повернися!?"
"89CEDBE04C5554ACF07EE38FDDF11C6B","Get a taste of this!","Скуштуй ось це!"
"BDB62494407B4E3F7C0FF8B07E4ED854","Get a taste of this!","Скуштуй ось це!"
"F228727542281F1983D75484DCD5251E","Get a taste of this!","Скуштуй ось це!"
"0754B4AF45D824D2BCBE9EAF97004C66","Get them weapons ready! We've found one!","Зброю до бою! Ми знайшли одного!"
"1E2735224A83EF6DFB9EEAB572982B68","Get them weapons ready! We've found one!","Зброю до бою! Ми знайшли одного!"
"699672A84BB3D01109C401BC37498C0B","Get them weapons ready! We've found one!","Зброю до бою! Ми знайшли одного!"
"77D7FC38403F8CCAB5F202B08811D9BF","Get them weapons ready! We've found one!","Зброю до бою! Ми знайшли одного!"
"B6EC3AB245485444C1030E95A5D0EDFD","Get them weapons ready! We've found one!","Зброю до бою! Ми знайшли одного!"
"4F628B86461D3CC21E7E9CB7B4F17DC2","Giselle was right! Arseholes you are, all of you!","Жізель мала рацію! Ви мудаки, усі ви!"
"4CCD89C740D820C8CD6A4D9738F569F6","Give me more! They are so young, so tasty!","Give me more! They are so young, so tasty!"
"168296E0445F78A7A157DAA6602BCA2B","Give me your blood!","Дай мені своєї крові!"
"6D80F257431031EC1A54A19F1F80551B","Give me your blood!","Дай мені своєї крові!"
"A618D51045DADE7E6FE69BA93D5CECA4","Give me your blood, priest!","Віддай мені свою кров, священнику!"
"4D1B8DAB417C168280314DB61E78DE87","Go back home, idiot!","Повертайся додому, бовдуре!"
"B2CC87EE46AEE5675A95448ECE4D1B79","Go back home, idiot!","Повертайся додому, бовдуре!"
"D7ED49EC4D67704F60145A9CF899B132","Go back home, idiot!","Повертайся додому, бовдуре!"
"30D312384B2568A040D60BA7B7D4F7A1","Go on, back to the shadows!","Давай, повертайся до тіней!"
"59BB84E74D7648CE6CB101829A489410","Go on, back to the shadows!","Давай, повертайся до тіней!"
"CFCD38D649A1C66B1E8EF19E943CC020","Go on, off you trot!","Давай, риссю!"
"F889328E4C978D9BBFB3F6AA57985ABB","Go on, off you trot!","Давай, риссю!"
"0A91AE9F463A72EA375BBD9D7E25A59E","God walks with me!","Господь іде зі мною!"
"E295FE3243C68F69604BBCB093CD8DB8","God walks with me!","Господь іде зі мною!"
"DB59EBC94CC49EE9AB16FC8BAEE1F15A","Got you!","Попався!"
"55ECA3264AC0FE64FB91068E05629400","Grenade!","Граната!"
"C19905604317A2D12E166EAA0947ABD7","Grenade!","Граната!"
"DD3A6D02444D828228F616B48D326DE2","Grenade!","Граната!"
"E24A3EEB42197F726710E3BDF14C52E6","Grenade!","Граната!"
"A315D5264A8CD987428CEEAECBF55312","Ugh! These things smell even worse when they're burning!","Ugh! These things smell even worse when they're burning!"
"1AECBBCD45AF1178425B7DBB0739E94A","Let's see how it likes a bit of fire!","Погляньмо, як йому сподобається вогонь!"
"82E0C99641BBDB42C46364BCF88F3884","Ha! Don't like a burning, does it!","Ха! Не подобається горіти, чи не так!"
"D8CE8A224580CAAB20A4D28214239702","Ha! Don't like a burning, does it!","Ха! Не подобається горіти, чи не так!"
"BDB88F1B4ADFEB2E92B9039304C4B02F","Haha! Don't like a burning, does it!","Ха-ха! Не подобається горіти, чи не так!"
"1B044EC646473A0C2600869B8D8F93FE","Hark at him who's never been face to face with one of these things!","Hark at him who's never been face to face with one of these things!"
"125F85A04A42367773F87CB4C35BD322","Has it fled?!","Він утік?!"
"24383CB74B0905A07B8808BDAC77912C","Has it fled?!","Він утік?!"
"6516D6C94910FD2BD3A35384E92405B5","Has it fled?!","Він утік?!"
"DA864ACF4645FA2EAA5D16BF109B9E5B","Has it fled?","Він утік?"
"DF31BBBC4B1D01FD604097A1A9CAE9F3","Has it fled?!","Він утік?!"
"5CA010C14D1307CEA9DB06A07367B58F","Have faith, brothers!","Увіруйте, браття!"
"F24B79C7408604EC82199ABC475B8FF0","Have faith, brothers!","Увіруйте, браття!"
"C1AE2BC848AAB0167D6672A4457DB09B","Have no fears, brothers!","Не бійтеся, браття!"
"9FB987504BEB7179360A1A946719481D","He was right! Everything has already been lost!","He was right! Everything has already been lost!"
"13FAE2D04899930CEAFE739EC110BEAC","He's being bitten!","Його вкусили!"
"62E3413F4E8E3E12823806A83C647E00","He's being bitten!","Його вкусили!"
"D45DAEB94DC6BEC64FE322921A3952EB","He's being bitten!","Його вкусили!"
"410450CB46AB4C080118B0BFF1922AB3","He's being bitten!","Його вкусили!"
"402C49E94FB8E22402C06DACC14CAC56","Fuck ! He's dead!","Блядь ! Це мертвяк!"
"68EE200F4EC3AB81507F42BA52A5AC68","Fuck ! He's dead!","Блядь ! Це мертвяк!"
"A099E1124015E0D73FA19E9C075F1FE4","Fuck! He's dead!","Блядь! Це мертвяк!"
"A5E597514F2019D02B3BD3AADF81DDC9","Fuck ! He's dead!","Блядь ! Це мертвяк!"
"B256E2754C8510F3510CA4ADC33655BA","Fuck ! He's dead!","Блядь ! Це мертвяк!"
"E2374FC14555B0056D4277A842861036","Fuck ! He's dead!","Блядь ! Це мертвяк!"
"5A6D0A52416A6A62994971A19DE20F74","He's done for!","Йому гаплик!"
"8E81FF78497AEB065D11A2BDD1FE478A","He's mine! I'll take it!","Він мій! Я розберусь!"
"C45A60224402DACC38F2948DFAFBF26F","He's mine! I'll take it!","Він мій! Я розберусь!"
"0CE71E8D4125760B33307A87A4E3EF1C","Hear and obey, for your queen commands you! Attack!","Hear and obey, for your queen commands you! Attack!"
"84F0D9E24A790D961A88F3924EED297B","Hear that? We've got a bloody hero with us!","Hear that? We've got a bloody hero with us!"
"8D8D211644D7F23AE598518AB60FDE01","For the love of God, help me Doctor Reid!","Заради Бога, допоможіть мені, докторе Ріде!"
"F40296E7492E82703AF852A6D3F402E6","Hey! Don't come no closer!","Гей! Не підходь ближче!"
"6E2135164FD5C624CBFEADB6BEDC7890","Hey! Take a breath o' this!","Гей! Вдихни ось це!"
"DFB3D3F44423433FB6F9CAB93825C65D","Hey, I'm talking to you, you twat!","Гей, я з тобою розмовляю, дурню!"
"4C72217843742F74A10B45916B15D300","Hey, I'm talking to you!","Гей, я з тобою розмовляю!"
"61EC21D7482B30C0B38815B72DFAD70A","How are things at home?","Як справи вдома?"
"9DD3DF2C447DFD48CC17F3BDB25FEA00","How are things at home?","Як справи вдома?"
"8B556D6B4C375394F9D3E9818CFD6A11","How dare you interfere with my hunt?","Як смієш ти втручатися в моє полювання?"
"14B31BD44819D9C1AD48328A0D6AE2C5","How dare you!","Як ти смієш!"
"9A4687764C671C83B432A0A650D8BCC8","How do you feel?","Як почуваєшся?"
"2D91C8F9437A9D24C673FD889B5BDB4E","How many children have you killed, bastard?","Скількох дітей ти вбив, покидьку?"
"3AD159A24A7713A88D7AA2913CE5F3D0","Hurts, doesn't it?","Боляче, чи не так?"
"95E60AAE4ADF4B161C5932B74094759D","I'm Fergal Bansha, the Hand that Crushes All!","Я Ферґал Банша, рука, яка все трощить!"
"634C68D3475BBF851B465C9A25B32EF1","I'm no longer alone! We are kindred now! Broken and monstrous!","I'm no longer alone! We are kindred now! Broken and monstrous!"
"2DADC81C4CB8A2BD913E1BBBAFD4F9E2","I'm not afraid of you! I have never been afraid!","Я не боюся тебе! Я ніколи не боявся!"
"6DE4E47740551F5A10E12CB3EAEF9DCF","I'm sorry sir, but I must kill you now!","Мені шкода, сер, але я мушу вас вбити!"
"A10EDCC240A85DB69BB657B8E386313E","I can see it now, the blood in your veins!","Тепер я бачу, кров у твоїх венах!"
"7FCBB99E401DCCA184DA2DA9C155011A","I can't believe how strong I am!","I can't believe how strong I am!"
"604B92464F8C5BF18FF35A97DBDACF97","I could eat rats all day! Bloody rodents!","Я можу їсти щурів цілий день! Кров'янисті гризуни!"
"59FDE5BC47FF6570DD543E8957463165","I hate leaches!","Ненавиджу лічів!"
"DBA159CF46EBEFB4AE6182884266A974","I hate leaches!","Ненавиджу лічів!"
"69674480409E8C196F31E4ADE8E46A62","I have killed before! One life or another makes no difference!","I have killed before! One life or another makes no difference!"
"EAE9EA824C94511F0F34E8AA1B526943","I have lost everything! And yet I feel fulfilled!","I have lost everything! And yet I feel fulfilled!"
"CE792B164E096CE240C30798CC1C4A94","I killed my own brother when he tried that on me!","I killed my own brother when he tried that on me!"
"81A06CD3478E642B422DE4AD698A7D27","I know! It hurts doesn't it?","Я знаю! Боляче, правда?"
"9ADB65414EC45A96B32E509BA887439E","I like their screams when you burn 'em alive!","Мені подобаються їхні крики, коли палиш їх живцем!"
"D2863E97471F08643007FB8C2A0179F7","I order you to step back!","Я наказую відійти назад!"
"D51FD0774F5D2B2E21006BBB7791D914","I order you to step back!","Я наказую відійти назад!"
"3401EA244426CB1E1277BD92899BE258","I said go back home!","Я сказав, йди додому!"
"DB68F4D14C31E8F68904BD8A891AD3E3","I said go back home!","Я сказав, йди додому!"
"825B26224958F486D25E3C9261A816F3","I said stay away!","Я сказав, не підходити!"
"68ED67314D3E0FABB3AEBA8E508FFAAA","Sir, I said stay away!","Сер, я сказав, не підходьте!"
"9AF5A04A44041E17871994BA2FCE19DD","Sir, I said stay away!","Сер, я сказав, не підходьте!"
"02F4385C4A335273FA6816BA7484FD89","I shall crush you!","Я тебе розчавлю!"
"B039909B4C8BC91EA0431A931D916DFE","I shall fear no evil!","Я не боюся зла!"
"E7629A8245457354FD3F4EA321A4EB5A","I shall fear no evil!","Я не боюся зла!"
"ED48DC02442362EBA1498285652875A3","I shall tear thee apart and spill thy blood to the pissing wells!","I shall tear thee apart and spill thy blood to the pissing wells!"
"2A992BEE428364C07E61A9879C92BDAC","I smell your fear!","Я відчуваю твій страх!"
"505EC61748EB044B68692C8789BA24A7","I still hear voices in my head, every night!","Я досі чую голоси у своїй голові, кожну ніч!"
"9F03524B418FE2B40D6A489E043115B8","I summon thee, my children of the night! Bite! Maim! Spit! Kill!","Я закликаю вас, мої діти ночі! Кусайте! Калічте! Плюйте! Убивайте!"
"337811CE4E20F4D06550828C11FB48B7","I want to kill you! For no reason! For no reason at all!","Я хочу тебе вбити! Без жодної причини! Без жоднісінької!"
"656EE5DF4E2ED35C1E8570B0CF89D4E1","I was a good mother!","Я була хорошою матір'ю!"
"70D8016247A50F07237484BC3F3BD064","I will be prey no more!","Я більше не буду жертвою!"
"BE3F58534CE81BA37573A594F8F8E7C5","I will crush you!","Я тебе розчавлю!"
"68C308D34C2FB7A912EE4C895F33AE5A","I will have my revenge on all those bastards!","Я помщуся всім цим виродкам!"
"F6E940C44C1057BD21C73C80BEE5F3AE","I will never rely on anyone else again!","Я більше ніколи ні на кого не покладатимусь знову!"
"2708B7164CBE90916173F5A19512F588","I will reap the land myself! Abundant, the harvest! Red, the crop!","I will reap the land myself! Abundant, the harvest! Red, the crop!"
"B6C48CC34675D9CE833EEAB6D8835FBB","I'd head back home if I were you, sir!","На вашому місці я б повернувся додому, сер!"
"436C915F4627E124B01E5CB6DF2014C6","I'd head back if I were you, sir!","На вашому місці я б повернувся, сер!"
"4C308DD6492FD452F63FC4A1B8375E81","I'd head back if I were you, sir!","На вашому місці я б повернувся, сер!"
"C6F84C5742DF641C54390AA7B3445248","I'd head back if I were you, sir!","На вашому місці я б повернувся, сер!"
"1E9A31A145A4A6BE525524BEE191BCDE","I'd step back, sir!","Я б відійшов, сер!"
"97D20818478F393BA3736D8D466A18C2","I'd step back, sir!","Я б відійшов, сер!"
"A6A76D094BCB9C9DC1C0998515EB1588","I'd step back, sir!","Я б відійшов, сер!"
"97F994F3415F1CC94DCC84AD31A42024","I'll bring your head to Lord Redgrave!","Я принесу твою голову лорду Редґрейву!"
"CAC36A0248AC6DD57AD33CA05D7F9D99","I'll burn it's head!","Я спалю його голову!"
"5CF8DF4F4D0A8602482003A496470043","I'll dance on your carcass!","Я станцюю на твоїх кістках!"
"52F3DA4E498C14A4B64C56AA4F6B04C6","I'll do to you what you did to Dorothy Crane!","Я зроблю з тобою те саме, що ти вчинив із Дороті Крейн!"
"5AB6290C455EB2CFAEBE02B5FA5F65AE","I'll have your blood! Down to the last drop!","Я вип'ю твою кров! До останньої краплі!"
"782836174E80B55991D124BC682B2170","I'll kill it!","Я вб'ю його!"
"AA9143F24D3EDDCAF43BB18E641E3656","I'll kill it!","Я вб'ю його!"
"A10759624400CE4BBB8908844FEC0CDC","I'll make you kneel like a dog, just as you did to Sean Hampton!","I'll make you kneel like a dog, just as you did to Sean Hampton!"
"8CEEC0E245E69369F34B4B861298A00B","I'll pin you down!","Я приб'ю тебе!"
"2108D25F476BFF3380AA1E9F1560CA4E","I'll put an end to you!","Я покінчу з тобою!"
"E5A8C27A41FC0DF0CD56E4AECD326C0F","I'll put an end to you!","Я покінчу з тобою!"
"6E8DCEE9400DA5FCC51918890DA1C3AB","I'll send you back to the bloody grave!","Я відправлю тебе назад до кривавої могили!"
"889327F24082EE611F9EA68D4BDC6576","I'll send you back to the fucking grave!","Я відправлю тебе назад до йобаної могили!"
"C49565CD46794F70DA6F3DBDD039B594","I'll send you back to the grave!","Я відправлю тебе назад до могили!"
"B5BF1F6E432F9A70387F26B6C983823E","I'll send you to hell!","Я відправлю тебе до пекла!"
"CFDDF36B4A47E7151220489E068E5680","I'll send you to hell!","Я відправлю тебе до пекла!"
"A0201C80496A8CA8817CD6AE074BEF39","I'll show you the same kindness you showed Sean Hampton!","Я проявлю тобі таку ж милість, яку ти проявив Шону Гемптону!"
"1A1B355544F61CB19392A1AF75FC5B13","I'll burn it's head!","Я спалю його голову!"
"4AC0C3ED4F9A559F2A60429F73DB4548","I'll burn it's head!","Я спалю його голову!"
"FE7AF5E944B0BC9DF879FDA00C413FDA","I'll burn it's head!","Я спалю його голову!"
"D4B2497C43E6DF223A8ACF871BFA52C3","I'll turn you to dust!","Я перетворю тебе на пил!"
"031779434157194E6DAD6AAF6825AFCF","I'm gonna roast you!","Я тебе підсмажу!"
"99341FCF4226604E3CFAE390C570F46B","I've lost it?","Я його загубив?"
"6F622BDE45D6B4731E9C8F87167040F6","If you spot one, fire!","Побачите одного з них - спаліть!"
"393E33D94C836A1F9DA272B53321BB88","If you're so innocent why does simple light burn you so much?","Якщо ти такий невинний, то чому звичайне світло тебе обпікає?"
"D4F199724EBD2546BE98DFBFC28A7708","In the name of Marshal I'll kill you!","Во ім'я Маршала, я вб'ю тебе!"
"37C7359C46CA7C9D7AE98B9ACEB132EA","Into thin air!","У повітрі!"
"32698D7948B726EC49A394A9B86B872D","Is that all? I'm still hungry!","І це все? Я все ще голодний!"
"3C173CB341E5A5DB89FE1985D07EE42D","Is this a dream, my child? Am I awake? Is this anger I feel? Is this wrath? I think it is! Oh, how infinitely, how intensely, how irredeemably are you all going to suffer now!","Is this a dream, my child? Am I awake? Is this anger I feel? Is this wrath? I think it is! Oh, how infinitely, how intensely, how irredeemably are you all going to suffer now!"
"B9D31BE3431EC4938476B1897EB3E3B1","It ain't human! Kill it!","Це не людина! Вбийте його!"
"BEEEE56A4F19F05972DBFA8954C55CD0","It ain't human! Kill it!","Це не людина! Вбийте його!"
"CC8BAA6440C55C7A281E1BA4308908D5","It ain't human! Kill it!","Це не людина! Вбийте його!"
"F931D0DD49AD4942C515EC894C748AF2","It ain't human! Kill it!","Це не людина! Вбийте його!"
"718FB7644A993D42A98F08B11D4092BE","It smells like rotten meat! One's near, I know it!","Смердить гнилим м'ясом! Один неподалік, я певен!"
"B1C64FA74CA05717AF4461BBCED9A154","It smells like rotten meat! One's near, I know it!","Смердить гнилим м'ясом! Один неподалік, я певен!"
"0CFE820742C3F18E6BEE37A09652D5F7","It's a leech trick!","Це витівки ліча!"
"8AC108CF4078A721E8C25A96D053C0E0","It's a leech trick!","Це витівки ліча!"
"A1E92CFB47D6D05891FAB2B627E3608B","It's a leech trick!","Це витівки ліча!"
"A8EB45A942757E808C920397923DCF12","It's a leech trick!","Це витівки ліча!"
"FD4C38284C328A64A15797B6716B5F0C","It's a leech trick!","Це витівки ліча!"
"605E6E9E45B9A853E4941EBAAC4E309D","It's a leech! Kill it!","Це ліч! Вбийте його!"
"A22EC5454A4DA9568242F0B96F17CD20","It's a leech! Kill it!","Це ліч! Вбийте його!"
"A36EDD724F59F0D16B421C8E563EA7B9","It's a leech! Kill it!","Це ліч! Вбийте його!"
"A8AD3F254B0C74573B769292E73EB3D9","It's a leech! Kill it!","Це ліч! Вбийте його!"
"5580DD6740F1D2E615B67C84BBF7BAA6","It's closed!","Зачинено!"
"687CBFD44578A985CB66C08689C40F9B","Oh shit, it's closed!","Дідько, зачинено!"
"F68CEB4D4ABDCD2004661A8E63652C99","Oh shit, it's closed!","Дідько, зачинено!"
"FD6A41414F6F14A6C680DCB429EB34EB","Oh shit it's closed!","Дідько, зачинено!"
"46B98B2A4C3CEDD1B112BDAF7A0AECDE","It's dead all right!","Гаразд, він мертвий!"
"52834AA94DC303D55BBB3993A09D41CA","It's dead all right!","Гаразд, він мертвий!"
"6E5E132D49EB8F1FE7E6CCB2ACBC3234","It's done for him!","З ним покінчено!"
"9AD85BBE4716AE1DE6D7BBA787B91163","It's done for him!","З ним покінчено!"
"F9259EB9449219BA1ADC4C8494054755","It's done for him!","З ним покінчено!"
"14EA72D04FE3010916172A85AE2D7AB1","It's down!  Finish it!","Він упав! Прикінчи його!"
"1D926365456B0246EC22C099F5CCC7AB","It's down!  Finish it!","Він упав! Прикінчи його!"
"9A871EEC4B80F82371E9879121BB3FAB","It's down!  Finish it!","Він упав! Прикінчи його!"
"4787E918442139A161C896AF38306402","It's down! Finish it!","Він упав! Прикінчи його!"
"AD8A816E4CCB68F83FC0B8AA31F308B9","It's down! Finish it!","Він упав! Прикінчи його!"
"06FB4ED5482620C983CF8BBDAC403A43","It's locked all right!","Гаразд, зачинено!"
"21CE036C48A16B60C72BBBAC7484BCF4","It's locked all right!","Гаразд, зачинено!"
"C5DD3EDE4135B078776A8FB1E55BE33B","It's mine!","Він мій!"
"484BF6B34D000C954EA5868691E25A29","It's not human! Kill it!","Це не людина! Вбийте його!"
"008111FF49AA5610F5AA6CBCFD930289","It's on him!  It's on him!","It's on him!  It's on him!"
"429570EA41BD55C837A6888DA252F8E7","It's on him!  It's on him!","It's on him!  It's on him!"
"459C6DE94EAE3A2A972DEABDD056027B","It's on him!  It's on him!","It's on him!  It's on him!"
"506232594F7C157F4352DC9B795DCA56","It's on him!  It's on him!","It's on him!  It's on him!"
"DFA9B55F49BCA67942A4308357E9FF90","It's on him!  It's on him!","It's on him!  It's on him!"
"57B24BC94F854CC398549BBE1C9C72EB","It's one of them!","Це один з них!"
"EC2B48F843F62CBA3EEAE3A1EF66FF34","It's one of them!","Це один з них!"
"DF011FA54BCE1E3FC2E7838DE415F14C","It's too fucking fast!","Він достобіса швидкий!"
"7D4833104B7515FAF52F22B48A62F0E4","It's too late! My baby is coming! My poor baby! Poor world! She is awake now!","It's too late! My baby is coming! My poor baby! Poor world! She is awake now!"
"48C0499D435A0E9C0550338FC0691E4A","It's too strong!","Він занадто сильний!"
"4AEFD768410605E2EE26C0A231649DD1","It's too strong!","Він занадто сильний!"
"BCE0D2374B7FF8200F08DCA47E9C2BF1","It’s too quiet! I don’t like it!","Занадто тихо. Мені це не подобається!"
"341716C34C04761FE95C0DA8A684E5E5","I’ll kill you!","Я вб'ю тебе!"
"F546B9464752281E1AA1D3837799C2D7","I’ll kill you!","Я тебе вб'ю!"
"14AC64904FAC3F75A114098BB78CD026","Just another dead bastard!","Ще один мертвий покидьок!"
"403267E34BC92E2E7A29B684B8BD89A8","Hey ! .. just vanished!?","Гей! Просто зник!?"
"62CB6A5142625956C708358B0C71F177","Hey ! .. just vanished!?","Гей! Просто зник!?"
"C630184C4A86749798B40FB14DAE1929","Hey! Just vanished?","Гей! Просто зник?"
"EAA3107C42B5E4DCF39220B24A92A134","Hey ! .. just vanished!?","Гей! Просто зник!?"
"F66D97F94292EDAC31F097876D41EB8E","Hey ! .. just vanished!?","Гей! Просто зник!?"
"04542320420FF15FD7F2CBBC36666C7D","Watch out, lads!","Обережно, хлопаки!"
"143A9CE64F197C3C517B84980BD50188","Watch out, lads!","Обережно, хлопаки!"
"4D8F4C904A847F2A31A69FBEC2ADD5E0","Keep your eyes on it!","Слідкуйте за ним!"
"59A25B82492BD610E4D1AA8FCE5FFDCD","Keep your eyes on it!","Слідкуйте за ним!"
"171A0616467158B5814612B84D56FCBA","Kill it, boy!","Убий його, хлопче!"
"18C600554A339B054CB76C8857C8C403","Kill it, boy!","Убий його, хлопче!"
"2405422140E63BD4B05EC0918DC1F134","Kill it, boy!","Убий його, хлопче!"
"9ACE86BC43A743D225F2E38D73DF1FE2","Kill it, boy!","Убий його, хлопче!"
"AB4265774599C6343D1A4AA14015F0DB","Kill it, boy!","Убий його, хлопче!"
"CC1F0C90455D4AA7E75859AC3135F6B4","Kill it, boy!","Убий його, хлопче!"
"DF3D5EE6468EBF659D4812AE72BCB8E0","Kill it, boy!","Убий його, хлопче!"
"169FDA95494A1796764AF792F61AA0D6","Kill the vermin!","Убийте нечисть!"
"19C0972B4B556E5542E672A82BAB7833","Kill the vermin!","Убийте нечисть!"
"3E320C0B480A216403B172804ABA5417","Kill the vermin!","Убийте нечисть!"
"494B05A24BF7B2FEF7BB3AB8FF495266","Kill the vermin!","Убийте нечисть!"
"C412060B485B7FD6B6FA9196FF6E2504","Kill the vermin!","Убийте нечисть!"
"F611EC3D44994B01F5A6FCBA595EC89B","Kill the vermin!","Убийте нечисть!"
"FA2843824E65049C8E4E0D89BCEBCFD7","Kill the vermin!","Убийте нечисть!"
"E1F46A9148855FA517F3268393D05B71","Killing bastard!","Убивчий покидьок!"
"5C0C322544EB5C7FD197ED9C47617216","Killing's all you deserve!","Убивство - це все, на що ти заслуговуєш!"
"D81ED497480E14DC67BE2DA80D364385","Killing's all you deserve!","Убивство - це все, на що ти заслуговуєш!"
"2272A35E4F23577A146148835ABF8A8D","Kin slayer!","Убивця роду!"
"A2F721BE4465A443DCA22F9B84C0953A","Kiss me again, sweet brother!","Поцілуй мене знову, милий брате!"
"E67CBB0548B15B767131DBBFC428FDFB","Kiss me deadly!","Поцілуй мене смертельно!"
"609B3C214312B7E22B1E49AAEEDA8BB9","Kneel traitor!","На коліна, зраднику!"
"B4F3B57C416D710E99D996AD321A7BE5","Kneel, traitor!","На коліна, зраднику!"
"18A53445485CC167AD4522AB3A4DCED8","Last warning!","Останнє попередження!"
"2C99DF274D755D3D0C93009EA07D0550","Last warning!","Останнє попередження!"
"52B4CC134710C2124E74C1A44A13D44D","Last warning!","Останнє попередження!"
"B6DF4AB24D61B0EFECE85E8CA2BBE911","Last warning!","Останнє попередження!"
"B46C53014539E7EFEA640DB37B4FE85E","Last warning, sir!","Останнє попередження, сер!"
"BCD4C1BF4F054C63C44297B9AAC74EA3","Last warning, sir!","Останнє попередження, сер!"
"17D41E634C190086FAB887BE879361A6","Laugh all you want, but I'll be cutting open my first leech before the night's done!","Laugh all you want, but I'll be cutting open my first leech before the night's done!"
"BE603E4A4D940CFE015FCBA31D808534","Leach spotted! Watch out!","Помічено ліча! Обережно!"
"7259F31946D95B034B33EC83E8596953","Leach spotted! Watch out, boys!","Помічено ліча! Обережно, хлопці!"
"B40B86704E2B095ACF1B33BF0AB685CD","Leach spotted! Watch out, boys!","Помічено ліча! Обережно, хлопці!"
"C97AB2A845E271EEB01722802CC6535B","Leach spotted! Watch out, boys!","Помічено ліча! Обережно, хлопці!"
"64122DE24DA344890A9009A4FFC9947E","Let's get to the cemetery! I can't wait to split the heart of one of those dead bastards!","Let's get to the cemetery! I can't wait to split the heart of one of those dead bastards!"
"F5D86ACF4FE67B195798EDBD58165C8A","Let's pin it down!","Нумо, прибийте його!"
"21E0B40240E577B8C1FBD7BB0BA5E188","Let's see how it likes a bit of fire!","Погляньмо, як йому сподобається вогонь!"
"3D7BD9A34B952C1303158AB0E6E6CFBA","Let's see how it likes a bit of fire!","Погляньмо, як йому сподобається вогонь!"
"430BC4164ED1CD432219EFBFE736C786","Let's see how it likes a bit of fire!","Погляньмо, як йому сподобається вогонь!"
"B41767A1465FE39A685B6BA7E3534554","Let's see how it likes a bit of fire!","Погляньмо, як йому сподобається вогонь!"
"CA0CE81A4BA78EDA4178AE8EF72C7604","Let's see how it likes a bit of fire!","Погляньмо, як йому сподобається вогонь!"
"FF1996F149792E70F3F9979F8C327365","Let's see how it likes a bit of fire!","Погляньмо, як йому сподобається вогонь!"
"8F49998140C0B4E0E2826D80520770E1","Liars! Liars, all of them! ","Брехуни! Брехуни, усі вони! "
"2651D1434C5D435F34CDE5B30427179B","London reeks of corrupted flesh!","Лондон смердить розбещеною плоттю!"
"DD4EE98742D0FFF777FFB98BE4A206EC","Look at it! Vicious beast?","Поглянь на це! Злісний звір?"
"B56540614045399F1CDBEF8A82A55613","Look at it! Vicious bugger, ain't it?","Поглянь на це! Злостива нечисть, чи не так?"
"2AC3745C4BCE5C9BD647BBA975B07456","Look at it! Vicious bugger?","Поглянь на це! Злостива нечисть?"
"343039B3460B1157F3F7A99742E01269","Look at it, gone up like kindling!","Поглянь на це, розгорівся як хмиз!"
"559D14EF45FC530D667D689D1EA98CD5","Look at it, gone up like kindling!","Поглянь на це, розгорівся як хмиз!"
"9A46CE1048A614C6B214EDBBA3634352","Look at it, gone up like kindling!","Поглянь на це, розгорівся як хмиз!"
"A3FE46A3457F669F1EF13AADE471F7FB","Look at it, gone up like kindling!","Поглянь на це, розгорівся як хмиз!"
"BE29109F4EC17C8126AAB1ABF4019DC2","Look at it, gone up like kindling!","Поглянь на це, розгорівся як хмиз!"
"9DCD6E724AC78FC6158BD5BEAF1DEA47","Look at me! Look at my face!","Поглянь на мене! Поглянь в обличчя!"
"1DA844324A1213BC7FB82CBE7E98DC9D","Look lively! It's onto us!","Look lively! It's onto us!"
"2C4B717744068932DDD0B0B8B5D884C3","Look lively! It's onto us!","Look lively! It's onto us!"
"81EF54BC458A730D71EAB6B8D81640D4","Look lively! It's onto us!","Look lively! It's onto us!"
"9BA7988A4E9C0ED81F019E8248CF51F5","Look lively! It's onto us!","Look lively! It's onto us!"
"A28273904C90095E18E0BABBB0F26AF7","Look lively! It's onto us!","Look lively! It's onto us!"
"F7A03AD14974596D7BDA2E96A5CA6444","Lord Redgrave sends you his regards!","Лорд Редґрейв передає тобі вітання!"
"C9DB97A34B129332F659E0B5D87561B3","Lord Redgrave was right to suspect you were not proper Ascalon material!","Лорд Редґрейв мав рацію, вважаючи, що ти не підходиш для Аскалону!"
"07B5B46443E9963AF9BA97989842D71A","Lord, give us the strength!","Господи, дайте нам силу!"
"27AF26414F68E851182122A306996017","Lord, give us the strength!","Господи, дайте нам силу!"
"0DA41D684A3116DDCFEE98BB8187AB44","Fuck. lost it?","Бляха. Втратили його?"
"388F5D7A4DEA670E596A798466178B25","Fuck. lost it?","Бляха. Втратили його?"
"CD6E60214D86422F35DB839371A61660","Fuck. lost it?","Бляха. Втратили його?"
"BA16F7BB4A2FC9AA24880F9007573F88","Love me! Love me not!","Люби мене! Не люби мене!"
"61ADD70641E393CB5E61DFB01AFBB341","Mind its teeth!","Пам'ятайте про зуби!"
"74733D1A4B88075EFAC82CB6D7A7779A","Mind its teeth!","Пам'ятайте про зуби!"
"AB79BBB645E98E005F4B9EBEE93B3495","Mind its teeth!","Пам'ятайте про зуби!"
"FC4691374A00BFBCC8D6FC8403FFA51C","Mind its teeth!","Пам'ятайте про зуби!"
"0CFCA0934221E94DD83EF3A94030CDB0","Mind its teeth!","Пам'ятайте про зуби!"
"0D10424A4999DD4124BA88AEE36C38A8","Murdering bastard!","Убивчий виродок!"
"498FF833483279BDF0B182887BB65BF2","Murdering bastard!","Убивчий виродок!"
"87C40831445551A9693CA484A0FD5513","Murdering bastard!","Убивчий виродок!"
"05727A3E46B7F5A55CD9AB85CBE1EEF7","Murderous bastard!","Убивчий виродок!"
"7F4ABB22436923A5704070815F1B7D50","Murderous bastard!","Убивчий виродок!"
"63FEC9A54272EBC7C096E8B3AD1A9EC7","My blade shall pierce your villainous heart, dark prince!","Мій клинок простромить твоє підле серце, темний принце!"
"86F8CDDD4F7304613718F784DC8C57A2","My children, my beloved, die for the love of me!","Мої діти, мої дорогі, вмирають за любов до мене!"
"2A8B17354649AA76ED97F291F495FDD7","My poor baby! Where is she now?","Моє бідне дитя! Де воно зараз?"
"10E2F95B45B0EE090D5A19B8B7B2BAA6","My power you cannot comprehend!","Тобі не збагнути моєї сили!"
"9B457D1F49025948D0C9EDB9687ACCF6","Na, just another dead bastard!","Нє, просто ще один мертвий виродок!"
"1FF08D88465F4FFEC7C44AA6380CCCEB","No civilians allowed, sir!","Містянам вхід заборонений, сер!"
"8140EA774CE7473D78B15E8A057D48D4","No more betrayals!","Більше ніякої зради!"
"E551121D4A4F92AFE2925A8A14AB75E2","No more guilt! I’m finally free!","No more guilt! I’m finally free!"
"F0F8C4D84707C37E5AA85BBC24DD4DD6","No one can hide from Ascalon!","Нікому не сховатися від Аскалону!"
"1841AD01418A4FF9EA9749B60634B7EF","No rest for the wicked!","Нечестивим немає спокою!"
"8AC07AB84DC0847E03C43BA6B5C944E2","No rest for the wicked!","Нечестивим немає спокою!"
"463AA46D433269E66283F1A4832CC176","Fuck No!","Блядь, ні!"
"4AEA8D814C80FDB7230EAC8793D6A2F9","Fuck No!","Блядь, ні!"
"94A13E634319228BB3D269A9DE6F4B25","Fuck No!","Блядь, ні!"
"970277684DEFDB267CAD6F91910EA405","Fuck No!","Блядь, ні!"
"98A9245144C00364BA887994FEFD456E","Fuck No!","Блядь, ні!"
"D63B157F481A63469D95D7B612779211","Fuck No!","Блядь, ні!"
"E1581049458FFDCD341D5CB04D7FA70B","Fuck No!","Блядь, ні!"
"246E41C244A0FCF00BEC94AFE2FC2275","No! No!","Ні! Ні!"
"D79151C54A0F5284BE36099974B76B88","No! Oh god, no!","Ні! О, Боже, ні!"
"DC20924142736E7B89FEFE8643777798","No! Oh god, no!","Ні! О, Боже, ні!"
"FD5FDA184B95DD54252E1B90BC4CCC6C","No! Oh god, no!","Ні! О, Боже, ні!"
"FFA8411C43844730B3A3E2919A6F6E2D","No! Oh god, no!","Ні! О, Боже, ні!"
"654EAFA6477D400B2AFE22A23E89B2D5","Nobody ever helped me! I've been all-alone all my life!","Ніхто ніколи не допомагав мені! Я все життя був сам!"
"5A8EDD9C48DFDD3DD29505BF4B458971","Nope! Just another dead bastard!","Ні! Ще один мертвий виродок!"
"2548F2B949247B663FE0998A1A16BE77","Not a good place for a stroll!","Не найкраще місце для прогулянки!"
"A03456C34465651CB9C6E5A8442F0430","Not a good place for a stroll!","Не найкраще місце для прогулянки!"
"FA805D6E4E24C6AC9829D0B49CA6AF67","Not a good place for a stroll!","Не найкраще місце для прогулянки!"
"0FCB1AEF4C4636807FE2289F09053AA3","Not a safe place right now, sir!","Наразі це не безпечне місце, сер!"
"31EEDB20457888E8264E329582629F73","Not a safe place right now, sir!","Наразі це не безпечне місце, сер!"
"BD4331EA4029F1DDB1C9F1A3618B94F6","Not a safe place right now, sir!","Наразі це не безпечне місце, сер!"
"F4FF60134A1C5CAEF721E89D9ECBDAEA","Not a safe place right now, sir!","Наразі це не безпечне місце, сер!"
"343CDA364A8462C23039C3BAB0C03C15","Not bad!","Не погано!"
"A93B86A047ADB94A1036E5B212D20474","Not bad!","Не погано!"
"AA0EEF8846159278D1039E93D95E5EBA","Not bad!","Не погано!"
"637A12354FB3689D96506B86DCA66484","Not been bitten!","Мене не вкусили!"
"2A89DCBC45FE230AC9E7A6BBFADA5341","Not been bitten!","Мене не вкусили!"
"7E8506264BAAA38FA1DF07A69D8A3E37","No, just another dead bastard!","Ні, ще один мертвий виродок!"
"49D3F9E947CEBBCF74129197B00995A6","O Romeo, my Romeo!","О, Ромео, мій Ромео!"
"2D26858C433288C087A2A2BC65925668","Oh Christ he's dead!","Ох, Боже, він мертвий!"
"020C4070428AAE647A352EBC14EEB5A0","Oh my God!","О Боже мій!"
"1EDD9BE344D73FB9D124B7B4B09FB48C","Oh my God!","О Боже мій!"
"7463AC2747B88EB97F033482527CB8F9","Oh my god!","О Боже мій!"
"D882A79049982CFACB6858AD566276CA","Oh my god!","О Боже мій!"
"92674CB14045CA698C63D4B3BDE2C4B1","Oh no!","О, ні!"
"4B30A26648636EC18C405DB7FF7AD35E","Oh, Christ!","О, Боже!"
"4F88974D4372B22A828F27997BDF0036","Oh, Christ!","О, Боже!"
"8CE16D144917C61629722D9EA295D4FC","Oh, Christ!","О, Боже!"
"A3E715444CE3341313EB7AAF46E7A6BB","Oh... Tricky bastards!","Ох... Хитрі виродки!"
"9424CE9B4685FFC1F30A38B84FADC91F","Oi you! Get a taste of this!","Ей, ти! Скуштуй ось це!"
"15C9947442B9C7B7EBD759BDDBEE28FC","Oi! Come out, ya coward!","Ей! Виходь, боягузе!"
"2A05CB65491C525099CB7BB1A3D49BEC","Oi! Come out, ya coward!","Ей! Виходь, боягузе!"
"91F2AC6D44B92236575FF09DEB83A519","Oi! Come out, ya coward!","Ей! Виходь, боягузе!"
"6FD62A94466C77657CE22AAB41CB6482","Oi, are you listening?","Ей, ти слухаєш?"
"2FC17C564F8146746DBC28B926E66C37","Oi, you listening?","Ей, ти слухаєш?"
"732E5B0247AB141878F03AAD058D1F3C","Oi, you listening?","Ей, ти слухаєш?"
"90360DAA47636138E117FE96B62B5AFC","Oi, you listening?","Ей, ти слухаєш?"
"6E2205CC41539098F507A9997387C594","Oi, you! Stop there!","Ей, ти! Стій там!"
"8E2CC25246440288D6806F816EE34DB7","Oi, you! Stop there!","Ей, ти! Стій там!"
"8EDA75224FD14DAF9FF8B18128497576","Oi? Didn't you hear me?","Ей? Ти мене не почув?"
"EBAA7F4C43F9C2898A4E428369633487","One more kiss, dear!","Ще один поцілунок, любий!"
"60C41F5748E18C8DD45CD98E8500A4D8","Ooh, that's gonna smart!","Ох, це розумно!"
"DD66595E4F3B0B75B252689EA541896C","Ooh, that's gonna smart!","Ох, це розумно!"
"EBC287A747469A6A80214AB55FB7CB83","Ooh, that's gonna smart!","Ох, це розумно!"
"43439F984ECB419A4CDD4AAF8943F4F1","Over there! There's one of them vermin!","Он там! Там один із нечисті!"
"8DE8D5914028D2488119E282669ACF5A","Over there! There's one of them vermin!","Он там! Там один із нечисті!"
"93E8D6A347AAFFBC5DD384BB11B848A5","Over there! There's one of them vermin!","Он там! Там один із нечисті!"
"D094AA084650D5689DF543AA44191C48","Over there! There's one of them vermin!","Он там! Там один із нечисті!"
"E21A472C401C23D8AC1B80AB535A1416","Please open the door sir!","Будь ласка, відчиніть двері, сер!"
"B46214774B29A262502FADA3EAB65A97","Please sir, I can't let you through!","Прошу, сер, я не можу пропустити вас!"
"90D6F31645E1DA22CD450986810E28C3","Please sir, I can't let you through!","Прошу, сер, я не можу пропустити вас!"
"B3D4BDA74A89E188629BD4902C91AED3","Please sir, I can't let you through!","Прошу, сер, я не можу пропустити вас!"
"DA5112514C7C2993669F978420FDCADA","Please sir, I can't let you through!","Прошу, сер, я не можу пропустити вас!"
"F2313947479F1F7591F25BA5F658EAB9","Prepare to die, Doctor Reid!","Готуйся померти, докторе Ріде!"
"969446DB40ECD0FE7A1F1FBEE4759FF3","Prepare to face Ascalon's wrath!","Приготуйтеся пізнати гнів Аскалона!"
"FFDF284443E50E6BD33D7EA9FD72A854","Priwen prevails!","Priwen prevails!"
"5834A2E0490BCBE4BE0C428D4E02302B","Priwen shall prevail!","Priwen shall prevail!"
"EACE0AF349A99C0CAF4B4889422B7750","Priwen shall prevail!","Priwen shall prevail!"
"35C92721476B5572B9C46BB337C5BA49","Pull back!","Назад!"
"4F0069F94DED21D9C5406382024FB805","Pull back!","Назад!"
"028F97DF4778A0866647689217D64A9D","Remember your vows, friends!","Пам'ятайте про обітниці, друзі!"
"FFFB7C344847A6795E56B1AB83E3EBF6","Remember your vows, friends!","Пам'ятайте про обітниці, друзі!"
"AB532ACA42E7BE76A5EED8BE84C1E3FF","Rest in peace, monster!","Спочивай з миром, чудовисько!"
"1706571149FFA7BA5EEE7CAD6761059A","Return to your apothecary and needles!","Return to your apothecary and needles!"
"054DC54D47AF8F7A9D3290B7FFD3FCDB","I'm gonna roast you!","Я тебе підсмажу!"
"512FEB824B74FE321FEE7989A9F817B2","I'm gonna roast you!","Я тебе підсмажу!"
"87B047514C8967E581F246AD0EC438D5","I'm gonna roast you!","Я тебе підсмажу!"
"2C7869934DE6407FEAD2C59C263AF5BF","See how he is dressed? Looks like and aristocrat!","Бачите як він одягнений? Схожий на аристократа!"
"4F8832E04DECF63E6CCB91A7B4C0222D","See them fancy clothes? This one's a toff!","Бачиш їхній стильний одяг? Цей - шикарний!"
"843ADB0547A1DD1AD3E57F824D595B0E","See them fancy clothes? This one's a toff!","Бачиш їхній стильний одяг? Цей - шикарний!"
"B6A7C7C04C4399E95F4F47BECAC4F144","See them fancy clothes? This one's a toff!","Бачиш їхній стильний одяг? Цей - шикарний!"
"D7A3495C4D43397B54295292DC055B51","See them fancy clothes? This one's a toff!","Бачиш їхній стильний одяг? Цей - шикарний!"
"51ED1A38447577D338DB199B385B3AA3","See those bite marks? The flu didn't do this!","Бачиш ці сліди укусів? Це не грип зробив!"
"5A1B3D234CF9F474A48479BD2F6FD64F","She is coming! She is coming!","Вона йде! Вона йде!"
"2313D6B94356682694018FA294586B10","Shit!","Лайно!"
"E7DEE41D468E9978B21C33B55E00DE6D","Shit!","Лайно!"
"5E97C5FF42C07F8BBF4CD8AE390708C0","Shit! ","Лайно! "
"5DFFCF7E46D53E5EB88AEBA7CBAD9FEE","Shit! Come back, you!?","Лайно! Повернися, ти!?"
"F463736749375BB97D8D8380F9AE0ED8","Shit! Come back, you!?","Лайно! Повернися!?"
"E0B2B738436D4580F1743DA97D0B23A2","Shit! Just vanished!?","Лайно? Просто зник!?"
"9460D60544360CF9CC557C9CF5EA79CA","Shit! Lost it!","Лайно! Загубили його!"
"FE21043D4FF2B6E5CD6C299B3CCBCFF1","Shit! Lost it?","Лайно! Загубили його?"
"2F1705BE49C1B3DB04B2ECB3F8B50C22","Shit! Where'd it go?","Лайно! Куди він пішов?"
"FD166036448B4B31CF566BAB6BD761E7","Shit! Where'd it go?","Лайно! Куди він пішов?"
"3ECE216B45944A3C1376B08EC28FC39F","Shit! You can't fool us!","Лайно! Тобі нас не обдурити!"
"9C22B6DF4BF08C1BD86573B0149EBEAC","Shit! You'll pay for that!","Лайно! Ти заплатиш за це!"
"5089F2164D52FA5CA49280A28697F74F","Shit, that leech is fast!","Трясця, цей ліч прудкий!"
"CE57104242C545BAC1B3A6BEDD1B826A","Shit, that leech is fast!","Трясця, цей ліч прудкий!"
"15434BB2464FD130675B70BE80554510","Shoot it!","Пристрельте його!"
"44A33DAA4C63F945668EF3B87FB3BCFF","Shoot it!","Пристрельте його!"
"5145A1F446D8F2DB141BA48880BCE86E","Shoot it!","Пристрельте його!"
"91E41B614C84114A081B8FAC4F0428A7","Shoot it!","Пристрельте його!"
"D5AB65FB4054C5B522165385B0BC4575","Shoot it!","Пристрельте його!"
"EF28795244DD46A9BA58E4B78BEB0EEC","Shoot it!","Пристрельте його!"
"949C2E27456301DAB1E43C818169C3B2","Show me your power Newborn!","Покажи свою силу, новонароджений!"
"3B80975D4B477BDDC9C708ADAE874923","Show some style! Fight like a man!","Show some style! Fight like a man!"
"47A6166F4CFE9AEB36A18EB0E73D093C","Sir, I said stay away!","Сер, я сказав, не підходьте!"
"C09838444ABC6B892F7454A702160B67","Sir, no civilians allowed!","Сер, мешканцям вхід заборонено!"
"241BD4B04DAC483B53D80E9A06C4C7C0","Sir, step away now!","Сер, відійдіть негайно!"
"9FBA995B4D4CD3F69A57EB85B54EB2C5","Sir, step away now!","Сер, відійдіть негайно!"
"6899EBBF4222082898DA34B7EC9AC85C","Sir, step away!","Сер, відійдіть!"
"EA6870B44C60C6B1C6FCF280C610CC9E","Sir, step away!","Сер, відійдіть!"
"FCC874814E0C1FAAB324B099F868F95C","Sir, step away!","Сер, відійдіть!"
"A543305F4EE3F6489416C8A6AE9746BB","Slow as a snail!","Повільний, як равлик!"
"0D8F80274E582AC5DDACB0A70C296624","Smells like rotten meat! One is near I know it!","Смердить як гниле м'ясо! Один неподалік, я певен!"
"35B109B84066D151697D2CA2EA5F90D9","Snuff it, leech!","Здохни, ліче!"
"5B1933DC4DFD444FF9A209B0FF9AAE60","Snuff it, leech!","Здохни, ліче!"
"68DCFABD443D98A1C17051AE93BFB8C3","Snuff it, leech!","Здохни, ліче!"
"C16BC7454B376813B07272B5A746B0CA","Snuff it, leech!","Здохни, ліче!"
"2EA4374142232D38CA2F19868923298B","Sorry sir, no admittance!","Вибачте, сер, вхід заборонено!"
"349DE5CD4B4B481B87BEB28D05165994","Sorry sir, no admittance!","Вибачте, сер, вхід заборонено!"
"4BB7528641333D5DA5E73A8FBDC0180E","Sorry sir, no admittance!","Вибачте, сер, вхід заборонено!"
"6307F3C64F4DD7925634F88BB6801BC4","Sorry sir, no admittance!","Вибачте, сер, вхід заборонено!"
"F63AE05E4D7BA7D74BDC3CA3C3475207","Sorry sir, no admittance!","Вибачте, сер, вхід заборонено!"
"C009D76C410E2E45ACAF34AC42F58BD3","Speak English do ya?","Говориш англійською?"
"9E1A37FF44D35194ECE5C5966F7B9B40","Speak da English, do ya?","Говориш англійською?"
"FA3878AF43C46554FD5F258FA0B9B075","Speak da English, do ya?","Говориш англійською?"
"FDE52E8D45469A96F10F32ABCC63CC2D","Speak da English, do ya?","Говориш англійською?"
"E48A900747D64B319C1857A6627E7CB8","Stay away!","Назад!"
"EC0E72954FB2D9EF88EC2894C59FCD04","Stay away!","Назад!"
"B14187C3491F63440751C1B282E926BA","Stay back, beast!","Відійди, тварюко!"
"E44244404952FB0529E463805A301B6B","Stay back, beast!","Відійди, тварюко!"
"0C9A3819483AA372386537A33F8D1920","Stay close guys!","Тримайтеся поруч, хлопці!"
"05CBDBDA49AF51A06AAABB9AA1FDBAA4","Stay close! Keep an eye on each other!","Тримайтеся ближче! Слідкуйте за один за одним!"
"C6CAB8154F98FBEA3E07A3908544A1AD","Stay close! Keep an eye on each other!","Тримайтеся ближче! Слідкуйте за один за одним!"
"5735FFE6495024D11A487AA6FC039A2F","Steady, boys! We've got one of 'em here!","Спокійно, хлопці! У нас тут один з них!"
"7D5B3EFF4D7DE7388B14E18FCF2E286A","Steady, boys! We've got one of 'em here!","Спокійно, хлопці! У нас тут один з них!"
"2155E013417609CB6CBC68AED1C9574F","Steady, boys! We've got one of 'em!","Спокійно, хлопці! У нас один з них!"
"40318F8D47E1AD416D7070A6A33F7F38","Step away!","Відійди!"
"D02814DF454E130A1E2A1A8362FEEA4F","Step away!","Відійди!"
"4D3CFE964B5243D93E67AFBCFD2E9111","Step away, sir!","Відійдіть, сер!"
"6E40CDE64C65552C765A31B1DA994FC8","Step away, sir!","Відійдіть, сер!"
"3AE8CCA44BF20EBCDE3466847E6B5489","Step away, sir!","Відійдіть, сер!"
"C27C96684C2DF316281747AE1138C178","Step away, sir!","Відійдіть, сер!"
"62298B6240156BF67F01698CD681F199","Stop now!","Зупинись, негайно!"
"85F8D6BA43111A63A79244AD916555DB","Stop now!","Зупинись, негайно!"
"12C9CEF2401A5A48F1C7E2996DB027A7","Stop, right now!","Зупинись, зараз же!"
"B1B49A3940EDFF597417FCB9D7EFD7D0","Stop, right now!","Зупинись, зараз же!"
"EFC2BD98424339BC9F8218A444CCF858","Stop, right now!","Зупинись, зараз же!"
"F1069312456A6AE5A0FBB2ACE5689873","Stop, right now!","Зупинись, зараз же!"
"FEFD447746F6D08B41203C9AADD86281","Stop, right now!","Зупинись, зараз же!"
"AA6BF7EA4EA6C9BA902D78B4A62B3237","Stop, vampire!","Стій, вампіре!"
"C79FB6A1437A6A6B6022E1B5006C1C58","Stop, vampire!","Стій, вампіре!"
"F2D79BAA497EF99E09C39C91B7A621E7","Steady, boys! We've got one of them!","Спокійно, хлопці! У нас один з них!"
"F3D7F7504E0BEDD28B76E4AB0C439755","Steady, boys! We've got one of them!","Спокійно, хлопці! У нас один з них!"
"03803986464E8A81E8607FA0D53F50AC","Wood does marvels against your kind!","Wood does marvels against your kind!"
"2E03445A41D7235838A9F1AE58F244F0","Stupid fucking beast!","Дурна йобана тварюка!"
"DFB2E5FC43F736F518670C94408420BA","Stupid fucking beast!","Дурна йобана тварюка!"
"16BA2C304677D5746ADDBEB34B6FF907","Stupid fucking beast!","Дурна йобана тварюка!"
"C77F7A04458F4C70373C7294C7877396","Stupid new born!","Дурний новонароджений!"
"769800B749CD13481282779D0EA24134","Such innocence! Such guilt!","Така невинність! Така провина!"
"142E95184AF90871656DF39618DCC5AC","Take a breath o' this!","Вдихни це!"
"62A9A20C424209671593E7931A8F9BC0","Take a breath o' this!","Вдихни це!"
"963F31C148AB43699AA6DE93FD3498F1","Take a breath o' this!","Вдихни це!"
"AFAD3A9B4FC99280C68F03AAC2D47CAF","That leech is fast!","Цей ліч прудкий!"
"0E4676434447B0088975A0B4FBF47C6B","That's gotta hurt!","Це, мабуть, боляче!"
"BF155F564BC376CBBF7BC18D029DFAD7","That's gotta hurt!","Це, мабуть, боляче!"
"C5E663204C9B99AC00D8C1AE06957965","That's gotta hurt!","Це, мабуть, боляче!"
"CDF9D46241FBD4FC36D5BB981D1BB09A","That's gotta hurt!","Це, мабуть, боляче!"
"4D32D8A948790DF3CC5EC4ACF91FE832","That's the spirit! Now pick up the pace, lads! There's leech killing to be done!","That's the spirit! Now pick up the pace, lads! There's leech killing to be done!"
"5E4F85264BC356BBD26A9998CFBBF3F8","That's this nest of them cleaned out!","That's this nest of them cleaned out!"
"62185BEF4D1802DBEEFE779E126691A0","That's too quiet! I don't like it!","Занадто тихо. Мені це не подобається!"
"0958597E4B117BB2E80930B344E020F3","The Vampires! They are real! And you! You are one of them!","Вампіри! Вони справжні! І ти! Ти один з них!"
"AA2D81A34AD5E2D784DCB99FE72C5488","The beast must die!","Звір має здохнути!"
"E88871DE448A93E92C32999AE656784E","The beast must die!","Звір має здохнути!"
"A0CF2B0B48D3D733E566DE90BDE90E6C","The blood of a true defender of this land will protect me!","Кров істинного захисника цих земель мене захисть!"
"CC39CEDB427BDAD2E21C11BF7FC6C00C","The death of your kind is my goal now!","Смерть твого роду — це моя мета!"
"D59984D841FC1BE80B4FF08FF0A4C2B9","The flu killed this one!","Грип убив ось цього!"
"7234712B48A250F0C74D92A489FBED4B","The flu killed this one!","Грип убив ось цього!"
"51C5ABF4466732F6677DDAA002B31072","The leech has teeth!","У ліча зубиська!"
"86399CAF4A40B877F474078C1688CD68","The leech has teeth!","У ліча зубиська!"
"A3DF8413420D5B59725CBEA6ED20ACDC","The leech has teeth!","У ліча зубиська!"
"1884C63F44918C6E95CE53BA8087D56A","The power of the Lord commands you!","Сила Господня наказує тобі!"
"ECDFF5DF44B79E427D6D87878E596BB7","The power of the Lord commands you!","Сила Господня наказує тобі!"
"0948F8B345FDED07AFEED9BD709902F0","The shadows will devour you all!","Тіні поглинуть вас усіх!"
"590E4CCF47FD5EAC39163A972229EA41","The war is not over! It will never be over!","Війна не закінчилася! Вона ніколи не закінчиться!"
"4260834949BDD1FDBC3EED970C4B43CC","Their final thoughts are just to die for!","Their final thoughts are just to die for!"
"69AB994248E63E644016BA8193C34A78","Thelma never was a vampire! I am now! I cannot die!","Тельма ніколи не була вампіром! Але зараз - так! Я не можу померти!"
"3C73A9A24FCDDD539C870181BCDA85E8","There is a stupid fucking beast!","Це тупа довбана тварюка!"
"B2AB66FC404FEC20A29468A937F4726F","There is more and more of these bloody leeches every night!","Щоночі цих кривавих лічів стає все більше і більше!"
"26A41E474ADCCD51C3DBBD98489874DD","There's a vampire at work here that needs killing!","There's a vampire at work here that needs killing!"
"658AD28C4FC883F28BF03481D2294C64","There's one of 'em! Watch yourselves!","Там один із них! Стережіться!"
"73F646B240000CBB1671549B48DCAABA","There's one of 'em! Watch yourselves!","Там один із них! Стережіться!"
"A8758EF14026D2611F8542BE13C5037F","There's one of 'em! Watch yourselves!","Там один із них! Стережіться!"
"B969292B4B28968C16CBF1B44D210011","There's one of 'em! Watch yourselves!","Там один із них! Стережіться!"
"7383938847CD37A839CBC69F50447632","There's one of them vermin! Over there!","Ось один з цієї нечисті! Он там!"
"0B7C2FED4E202D8FA936A8B9260FE35B","There are safer places to be than here!","Є безпечніші місця, ніж тут!"
"1F3D77CB49635CAF9E38D7B415F2F27C","There are safer places to be than here!","Є безпечніші місця, ніж тут!"
"9BDE7E694D06863FD1651B8305AC4BB1","There are safer places to be than here!","Є безпечніші місця, ніж тут!"
"C06A55AF4426C520C9D6ECAAF156782B","There are safer places to be than here!","Є безпечніші місця, ніж тут!"
"ED15366A410281AF1CFC1B9A3D45874B","There are safer places to be than here!","Є безпечніші місця, ніж тут!"
"A8F938C64A95380720E5459BC3E6175C","They took my daughter from me!","Вони забрали у мене дочку!"
"F8442AE54047F4E061F649BF9B680A6C","This is Ascalon's domain! Prepare to endure Ascalon law!","Це володіння Аскалону! Приготуйся пізнати закони Аскалону!"
"0CADF55548E51B9CF306F29D91254F56","This is my territory!","Це моя територія!"
"977374884ED8B9B66917B1939C185E8D","This is no place for a gentleman!","Тут не місце джентльмену!"
"BF02C8144EFC01232288539FFD353D93","This is no place for a gentleman!","Тут не місце джентльмену!"
"F12B77DD4E266DFF89F743BA1767A782","This is no place for a gentleman!","Тут не місце джентльмену!"
"390B59E44353879A35E0AA85E5194FA7","This is no place for you, sir!","Вам тут не місце, сер!"
"9527611B42F171EFAF0FE2B0DC2AD13D","This is no place for you, sir!","Вам тут не місце, сер!"
"026124E34912E7B73B0AE78CB72FF6B4","Sir, This is not a place for you.","Сер, вам тут не місце."
"9667770C48480FACBDD41BB2BD977C77","Sir, This is not a place for you.","Сер, вам тут не місце."
"BB3621D54D3F919AD0B5089823678B42","Sir, This is not a place for you.","Сер, вам тут не місце."
"E72D07944C165464C0D743833191192A","Sir, This is not a place for you.","Сер, вам тут не місце."
"EDB064E4472ED705FBBB0E98A62BDF7D","Sir, This is not a place for you.","Сер, вам тут не місце."
"AC13EA7045540B25A6E3F8A937B84FEC","This is now my domain, young Ekon!","Тепер це мої володіння, юний еконе!"
"6A2F8C3B4E7F02C1FBF6629A336CE987","This is the battle I have always lived for!","Це битва, заради якої я жив!"
"0CEBFF374E80F669E1A17FA93B6831FE","This is the outcome of your madness! Of your insane cruelty!","Це результат твого божевілля! Твоєї божевільної жорстокості!"
"C25A613D48689E03F7351EB21DE2372E","This is your last warning, sir!","Останнє попередження, сер!"
"F173578B4B55BDD47C575F9525740CC7","This one is cold!","Цей холодний!"
"F2F3251F40FEDD05D286B58C2C05F83D","This one is cold!","Цей холодний!"
"3D7C1FE84B7924F32BE6668BB8FED498","This one is mine!","Він мій!"
"D8FB397E46CF7EDE8C8112BC3A3DA5C1","This one is mine!","Він мій!"
"861E29D24DA68F8FB1BEE3B332361C62","This one stinks already!","Ось цей вже смердить!"
"56F42E7E481B23FDFDAF3A97C768F2BE","This one stinks something awful!","Ось цей жахливо смердить!"
"C60D3CFB4BEB9DDFD1381EB0FA6CAC61","This one stinks something awful!","Ось цей жахливо смердить!"
"ED6FA73A4AE2C758445DA4AB00C2E597","This one stinks something awful!","Ось цей жахливо смердить!"
"FB3256E34970306E77919F9DC730F7FF","Thy neck shall snap like a hare's brittle bones, new born!","Thy neck shall snap like a hare's brittle bones, new born!"
"476AF27D4C90D3B34545559A428781A1","Tonight you have taken your last life, beast!","Сьогодні ти забрав останнє життя, звіре!"
"65C366E243A1D909C5D29DA19CE4216E","Touché, sir!","Туше, сер!"
"77D9B79342D0E9E32DCAB792AAC6CD29","Traitor! Scum!","Зрадник! Покидьок!"
"37A3462C4B5364D1E059228140F8C58A","Tricky bastards!","Хитрі виродки!"
"4E33987D44CB65A73E65CBA88162B0B4","Tricky bastards!","Хитрі виродки!"
"583CF33C43EC51BB0312D4951A997178","Tricky bastards!","Хитрі виродки!"
"9EAA847E48A6A45C1C535E80A7EC470D","Tricky bastards!","Хитрі виродки!"
"9A98442D46C62868FA9E0D81192D5687","True light will cleanse you!","Істинне світло очистить тебе!"
"7BAB1C71456AF65357AA78B8C9085336","Turn around, sir!","Розверніться, сер!"
"CD0B0A7243862CF137AC94B1DC4B4621","Turn around, sir!","Розверніться, сер!"
"10C2EC7B4745C1D4F96B189C3130E744","Two days ago! This is my first patrol!","Два дні тому! Це мій перший дозор!"
"23FE150C4C40B22B48F78C81488B5612","Wait? Where's it gone?","Заждіть? Куди він зник?"
"F12309254B64D826A7788CBBADF17AC3","Want some of this?","Хочеш цього?"
"231375E04112F104BF1F1280CF31EF20","Watch it the leech has teeth!","Стережіться, у ліча зубиська!"
"011EB5F5403075C4C2E3F88A50D1C5B1","Watch it, it's a killer!","Обережно, вбивця!"
"3C6B562D4FB9FE997A8276807EA86355","Watch it, it's a killer!","Обережно, вбивця!"
"B5B44CC841DE1923B8DD92B964038D7A","Watch it, it's a killer!","Обережно, вбивця!"
"1063A72A460BE987A74B26A6E8101CB8","Watch out for them teeth!","Стережіться їхніх зубів!"
"3627A6EC4E3A01DF4174C7BB41B30388","Watch out for them teeth!","Стережіться їхніх зубів!"
"6F111F744AAEA478CD74DEA16978DA95","Watch out for them teeth!","Стережіться їхніх зубів!"
"E475482C451AA957C0A210AD53736840","Watch out for them teeth!","Стережіться їхніх зубів!"
"CE8A0A9A484B801D803115BD1555B692","Watch out lads!","Обережно, хлопці!"
"99CC170347F965AEFB6659A4E9D4E8B8","Watch out!","Обережно!"
"CDEE1165433D92498EE206975B962A70","Watch out!","Обережно!"
"379E064D406070F5EC9210BC211AF907","Watch out, boys!","Обережно, хлопці!"
"E51F435F4F5CA84898F891BADADC2E4E","Watch yourselves! There's one of 'em!","Бережіться! Тут один із них!"
"43C58FB14B3F4465CF6E62A3C21DE82F","We cannot be defeated!","Нас не здолати!"
"4C1D49444DF1158B3AEE22BAF083399A","We cannot be defeated!","Нас не здолати!"
"98FBFD9F4AA370E256F4778FCF330F07","We have a killer!","Убивця в нас!"
"2D5C78AD4D1C2E0C9CE2C1917DDB6765","We have to stop it!","Ми повинні його зупинити!"
"482138584402EA88C757E5936D65BB7D","We have to stop it!","Ми повинні його зупинити!"
"D85EC6484B1EE817E8A60D9BE0BAF043","We won't see any of these bastards back here again!","Ми більше не побачимо тут жодного з цих покидьків!"
"D2ACF52D4AB1FF9C9A8493B191D3FDC1","We'll crush this beast!","Ми розчавимо цю тварюку!"
"D59FAFC040A0DC7CA38D0296CABBE1C2","We'll crush this beast!","Ми розчавимо цю тварюку!"
"843E9D29405911B8066964801358A4C7","We're locked out!","We're locked out!"
"6FC9D2D04C1A74A522F9C1AC25855673","Well, well, well, traitor! Show me how you defeated Fergal Bansha!","Так, так, так, зраднику! Покажи-но мені, як ти здолав Ферґала Баншу!"
"BDA8A5ED4735B63C16BE4E9AA4AEF85B","What did you do to my poor Doris?","Що ти зробив з моєю бідолашною Доріс?"
"DF08A8D84EC9799E8E369C935728BD1C","What have you done?","Що ти накоїв?"
"12B2272E421DD7B23E6F5FA4A8C7D536","What's out! It's fast!","Що там? Воно швидке!"
"653C7E1F4E851FB8E9A0248C69B01764","Watch out! It's fast!","Стережися! Він прудкий!"
"11DC763B4B82D6649090E086C1E403F4","What? Come back, here and fight!","Що? Повернися та бийся!"
"9B700AAA44F0A04B5875F1BB25A2E69D","What? Come back, you!?","Що? Повернися, ти!?"
"471444064A98945E6808F2A49002B7C2","What? Come out, ya coward!","Що? повернися, ти боягузе!"
"AB1426F2428A6FD5055255ACA5717647","What? Disappeared into thin air!","Що? Розчинився в повітрі!"
"9697143244E775E60EC5E485B30DC7E8","What? Just vanished!?","Що? Просто зник!?"
"B4399A0A46E373DCE2DE94AFF5CDF5D3","What? Lost it?","Що? Загубили його?"
"078B0C554406C70708F6CBB8068DF6FE","When did you join the Guard?","Коли ти вступив до Варти?"
"DE07CB0048665752D583A08CFD12432C","When you've vanished, I'll slaughter these Skals whilst singing your name!","Коли ти зникнеш, я виріжу цих скалів, оспівуючи твоє ім'я!"
"0BB554664D688937A0E364AE6D1C9151","Where is it?!","Де він?!"
"6E2A7F6543958235FE3EA6B0A52BDCAB","Where is it?!","Де він?!"
"ABB6C8F64DA08D1334D0369F660F2BD8","Where is it?!","Де він?!"
"D076E868491CF0A41AF2EF81A2DCA292","Where is it?!","Де він?!"
"E0E495E94332B96FDD6022B8711E79FB","Where is it?!","Де він?!"
"F6C7523D4EB4A90AA20843917091E639","Where is it?!","Де він?!"
"0FC277AD40941B69377A088F3202A94A","Shit, where'd it go?","Лайно, куди він дівся?"
"1641672C41858F320DCCE6958A2B26A4","Shit, where'd it go?","Лайно, куди він дівся?"
"4260FF23452523F53F326085AB76D04B","Shit, where'd it go?","Лайно, куди він дівся?"
"45A3136F426C1A66BAC35F9E04172F19","Shit, where'd it go?","Лайно, куди він дівся?"
"8C407DCC48A850AF7E34DF874B46E004","Shit, where'd it go?","Лайно, куди він дівся?"
"DB5C566941125EA6EE62669EDDC78EC8","Shit, where'd it go?","Лайно, куди він дівся?"
"FE5946BA4685B1BAC0979789D643EA24","Shit! Where'd it go?","Лайно! Куди він дівся?"
"6A1DA35E40C58F6F51ADAFAEF1200256","Wait Where's it gone?","Заждіть, куди він зник?"
"F509C796446D1D866E01EC933F237BBF","Wait Where's it gone?","Заждіть, куди він зник?"
"FAAC53E9494786C9CC0539AB198BAD91","Wait Where's it gone?","Заждіть, куди він зник?"
"FF2D623241EF91ED1DC8768ABA0534CD","Wait. Where's it gone?","Заждіть. Куди він зник?"
"C11EAFE7439E26C79571D5A6FEFE9432","Why have you abandoned me?","Чому ти покинув мене?"
"1E9216814FE48D4B97FE6A8F50A9BB67","Why have you returned? This is not your house anymore!","Чому ти повернувся? Це більше не твій дім!"
"FAD7604048622E2311D5BBAF517DA6F3","Woe unto thee, son of Babylon!","Горе тобі, сину Вавилона!"
"CBFA66D348D8E7B03A02358417354801","Don't come any closer!","Не підходь ближче!"
"5BDF6F8A4A296B3CED95A186FDFE562E","Yeah… Fucking vampires never get tired!","Еге ж… Йобані вампіри ніколи не стомлюються!"
"0685C4484387D4FF6BA179809A603FF1","Yes, feed me!","Так, нагодуй мене!"
"3579DB37448ECB0EDA0709B3C144B4B2","Yep… Fucking vampires never get tired!","Ага… Йобані вампіри ніколи не стомлюються!"
"F6E43A9B46FBFE23F7698B9B253E84BC","Yes, Jonathan, kill him; revel in your true nature!","Так, Джонатане, убий його. Насолодися своєю істинною природою!"
"0102DD3249912A1C4CB602BE7998D5CB","Yes… He seems worried!","Так… Здається, він стурбований!"
"373597B24C4B3C7839E4BBBE08D10F64","You London vampires are so weak!","Ви, лондонські вампіри, такі слабкі!"
"325E051A436244EC7BC76C8C138A1DDB","You Londoners are no match for me!","Ви, лондонці, мені не рівня!"
"844882F643F3CA0640A106AD9E4CB261","You are all going to pay for my son!","Ви всі заплатите за мого сина!"
"64F2C4F842DAFE29ECE5CAABF8CD06EA","You are going to die, bloody traitor!","Ти здохнеш, кривавий зраднику!"
"56E05D2647D335C5ABB937AC019A022A","You bastard!","Ти покидьок!"
"6D5B916048ABA85170DD7096C522C387","You betrayed your country!","Ти зрадив свою країну!"
"96770A0E4F32D844C20B75B199B0AB38","You cannot win this!","Тобі не перемогти!"
"822C495B46237FA202D5B5A9CE3F1E7F","Shit ! You can't fool us!","Лайно! Тобі нас не обдурити!"
"955EE1334DDFBC0E889DFE8383A9FEF3","Shit ! You can't fool us!","Лайно! Тобі нас не обдурити!"
"C922741747215F84577F3D88127837E2","Shit ! You can't fool us!","Лайно! Тобі нас не обдурити!"
"18BC880B492D53C56C370FA63D3981C1","You can't win this!","Тобі не перемогти!"
"3C36B0C14EA694D9A9C7D4AF500CF423","You dare challenge the dictates of Ascalon!","Ти наважився кинути виклик диктату Аскалона!"
"749961EE4EB4A3F5719D2A81CEEB9AE8","You deserve no mercy! ","Ти не заслуговуєш милосердя! "
"95C39F4C40CCB70C9C49358C3389D6AA","You filthy, bloody liar!","Ти мерзенний, кривавий брехун!"
"889B4DB949F1BDD54A645AAD341A1A80","You get back in the grave!","Повертайся в могилу!"
"ED970F9C4D5BFA2350C437BECE615EF5","You have destroyed everything! You must pay for our family!","Ти знищив усе! Ти заплатиш за мою сім'ю!"
"615E03354E23B21F2E1AA8B10C297B38","You have left me no choice! I never had a choice! ","Ти не залишив мені вибору! У мене ніколи не було вибору! "
"7DC2B5124A928EAFFA62F583B4B84FAB","You have no style!","У тебе немає смаку!"
"9073954B4C88F6D441D1F49BD85AF9A9","You killed my father! Prepare to die!","Ти вбив мого батька! Готуйся померти!"
"D48F113C4C6EC794E0DFF18502060E8E","You leaches need killing!","Вас лічів слід вбити!"
"5D2AEE874E6D81D18EBE93B23F142E81","You left me to rot in this grave!","Ти залишив мене гнити у цій могилі!"
"5C0B3D5B445DA40405BAB5A39CE4AC39","You never liked me much did you, Doctor?","Ти ніколи мене не долюблював, чи не так, докторе?"
"9868E2014268EEE4FD6C158BDDE46FC6","You never were one of us!","Ти ніколи не був одним із нас!"
"8D66478742FB01A7E0906986F48F571E","You really thought you could betray Lord Redgrave without paying the price?","You really thought you could betray Lord Redgrave without paying the price?"
"3DD3487D4116B84F81222B8617506D9E","You shall learn to respect the laws of Ascalon!","Ти повинен навчитися поважати закони Аскалону!"
"D9CF601F420555B7714F6499317B0CEB","You shall learn to respect the laws of Ascalon!","Ти повинен навчитися поважати закони Аскалону!"
"FBABFF814E6E7B6142F92B9EFA343ABC","You still have so much to learn, new born!","Тобі ще багато чому треба навчитися, новонароджений!"
"03FDCC20410BEB1704ED2093477E2104","You want some of this?","Хочеш цього?"
"8D2C31AA42475C4657D39285A72EBF43","You were right, Clarence! I see that with my own eyes now! ","You were right, Clarence! I see that with my own eyes now! "
"B9B9B2D243A29827D86D07B06629AF08","You wished I were dead, didn't you?","Ти хотів моєї смерті, чи не так?"
"6E6B24634AC72001070678A7922A82B1","You'll pay for this you ugly fucker!","Ти заплатиш за це, потворний покидьку!"
"1925F5DA45D9364B68FCEBBD0FEE4263","You'll pay for this fucker!","Ти заплатиш за це, покидьку!"
"6C9AF49244CBD15C17929BBA2B2ED470","You'll pay for this fucker!","Ти заплатиш за це, покидьку!"
"3F0049AC4AAB87A8167EB6B5D64BCDC6","You're all going to die!","Ви всі помрете!"
"87EDB90D43741DACB0255BB552A352AB","You're bleeding!","Ти кровоточиш!"
"9C61AC7D40150998A5F2948309602E56","You're feeble!","Ти слабак!"
"7065A3B64400C42916C1A1A98E535F3A","You're finished, Reid!","Тобі кінець, Ріде!"
"0D5769504219C31DB5E3AD91693DF81C","You're just a beast!","Ти всього лиш звір!"
"3E5FED744EBD302F36E73C9CECE90401","You're mine!","Ти мій!"
"27D2DE0A4F9047CD6EF2DC8B62BB6902","You're mine, vermin!","Ти мій, паразите!"
"4A5A54A74931E8DB38A59C9CEDD0D961","You're mine, vermin!","Ти мій, паразите!"
"487ECE1A4DF10AD2CEC1BDAFCA49E707","You're pathetic!","Ти жалюгідний!"
"D16BD4F347DB0800D9AC1782427F4D67","You're so easy to fool!","Тебе так легко обдурити!"
"B42A625C4D829F0E83BD8E9725EA4806","You've burned away Nurse Crane's mind! You're a monster!","Ти випалив розум медсестри Крейн! Ти чудовисько!"
"F30C9C1742068C909589A18B20901325","You've found your death in me!","У мені ти знайшов свою смерть!"
"B409294948FA56E6F10D5785BD69CA0B","You've killed me, brother!","Ти вбив мене, брате!"
"B577F4B34D2977BAEF8001841F22B05D","You've spared the precious nurse Crane, but not your own Mary!","Ти помилував дорогоцінну медсестру Крейн, але не свою власну Мері!"
"9EFFEB0344E4D0FC4001588D7A737E18","Your blood is now mine!","Твоя кров тепер моя!"
"BD3F62BD4B1375851629738A01F89A1C","Your blood is now mine!","Твоя кров тепер моя!"
"DF003DE8463A7DC82D87E7B7D2C34E38","Your blood will be mine!","Твоя кров тепер моя!"
"80905F8245171A4DD62F59838B561EE3","Your death will be my redemption!","Твоя смерть стане моєю спокутою!"
"3355562E4B9B7FBD056DBD8E69E38F1C","Your existence is an absurdity in itself! And it has to end now!","Твоє існування само по собі абсурдне! І я покінчу з цим!"
"BEC54AA14E41C2BFFE47649CA63062D5","Your hand is shaking!","Твоя рука тремтить!"
"1D7411A543AD871C0CAB5AA0369B9CBF","Your poisonous bite is useless on me!","Твій отруйний укус на мене не діє!"
"60B2CE5A49D064FC5124A88FC5069E8D","Your preys are mine now!","Твоя здобич тепер моя!"
"4DA06CA24C5FFD302CDE6CA89953832B","You’re mine!","Ти мій!"
"5ABE36F345498C326D97889E91F51DCF","You’re mine!","Ти мій!"
"88DBDBC34E522DF961003B8007B092D5","Yup… Fucking vampires never get tired!","Ага… Йобані вампіри ніколи не стомлюються!"
"7E2EFF614746E895DD3F708E194598A3","ooh, that's gonna smart!","ох, це розумно!"
"91D04FE24647768F32C6BF92C83599F6","pin it down!","прибийте його!"
